invoice_id,invoice_number,status,commitment,vendor,amount,bill_description
94,001956,MOVED,SC-000217,DEEM,13500,"SC2603-0004 PayApp1 Goodwill Bloomington"
95,001957,MOVED,SC-000217,DEEM,59400,"SC-2603-0004 PayApp2 Goodwill Bloomington"
96,001964,MOVED,SC-000224,BLAKLEY,26190,"SC-2603-0017 PayApp1 Goodwill Bloomington"
100,002030,MOVED,SC-000217,DEEM,112612.5,"SC-2603-0004 PayApp3 Goodwill Bloomington"
140,002519,MOVED,SC-000151,INTCON,1935,"Goodwill Bloomington Building Interior & Exterior Demo PayApp5"
145,002542,MOVED,SC-000217,DEEM,13629.46,"SC-2603-0004 PayApp5 Goodwill Bloomington"
146,002544,MOVED,SC-000151,INTCON,810,"Goodwill Bloomington Building Interior & Exterior Demo PayApp6"
170,002726,MOVED,SC-000151,INTCON,215,"Goodwill Bloomington Building Interior & Exterior Demo PayApp5 - Retainage"
171,002727,MOVED,SC-000151,INTCON,90,"Goodwill Bloomington Building Interior & Exterior Demo PayApp6 - Retainage"
173,002729,MOVED,SC-000217,DEEM,11947.86,"SC-2603-0004 PayApp7 Goodwill Bloomington"
195,002881,MOVED,SC-000217,DEEM,62.06,"SC-2603-0004 PayApp6 Goodwill Bloomington"
196,002882,MOVED,SC-000217,DEEM,12512.5,"SC-2603-0004 PayApp3 Goodwill Bloomington"
197,002883,MOVED,SC-000217,DEEM,3677.5,"SC-2603-0004 PayApp4 Goodwill Bloomington"
198,002884,MOVED,SC-000217,DEEM,1327.53,"SC-2603-0004 PayApp7 Goodwill Bloomington"
199,002885,MOVED,SC-000217,DEEM,1500,"SC2603-0004 PayApp1 Goodwill Bloomington"
200,002886,MOVED,SC-000217,DEEM,6600,"SC-2603-0004 PayApp2 Goodwill Bloomington"
202,002887,MOVED,SC-000217,DEEM,1514.39,"SC-2603-0004 PayApp5 Goodwill Bloomington"
203,002888,MOVED,SC-000222,MCCURDY,2578.5,""
204,002889,MOVED,SC-000251,SIEMENS,174.96,"PI-2603-0126"
207,002894,MOVED,SC-000302,CENTRALSEC,4458.63,""
227,002967,MOVED,SC-000222,MCCURDY,286.5,"SC-2603-0007 Goodwill Bloomington"
249,002992,FLAGGED_ON_SHELL,SC-000316,UNIREN,63.93,"250343840-004 - Temporary Fence - Goodwill Bloomington"
250,002993,FLAGGED_ON_SHELL,SC-000316,UNIREN,63.93,"250343840-005 - Temporary Fence - Goodwill Bloomington"
288,003054,MOVED,SC-000251,SIEMENS,1412.92,"SC-2603-0014 Goodwill Bloomington"
417,003185,MOVED,SC-000224,BLAKLEY,2910,"SC-2603-0017 PayApp1 Goodwill Bloomington"
437,003201,MOVED,SC-000302,CENTRALSEC,495.4,"SC-2603-0028 002894 GW Bloomington"
722,002165,MOVED,SC-000251,SIEMENS,19613.7,"SC-2603-0014 Goodwill Bloomington"
878,003006,MOVED,SC-000251,SIEMENS,12716.23,"SC-2603-0014 Goodwill Bloomington"
1011,002728,MOVED,SC-000251,SIEMENS,2179.3,"SC-2603-0014 Goodwill Bloomington - Retainage"
1340,001712,MOVED,SC-000156,GLENMARK,57716,"Goodwill Bloomington"
1484,002135,MOVED,SC-000156,GLENMARK,40515.3,"SC-2603-0019 PayApp5 Goodwill Bloomington"
1486,003005,MOVED,SC-000251,SIEMENS,19.44,"PI-2603-0126"
1513,002263,MOVED,SC-000176,C&S HEATIN,6859.8,"SC-2603-0006 PayApp4 Goodwill Bloomington"
1559,002420,MOVED,SC-000290,UNIEX,141726.1,"SC-2603-0024 Goodwill Bloomington"
2539,001533,FLAGGED_ON_SHELL,SC-000316,JQOL,3500,"Professional Services through 12/31/2024"
2601,001633,FLAGGED_ON_SHELL,SC-000316,DYLANM,1000,"New Hire-moving expenses reimbursements"
2602,001637,FLAGGED_ON_SHELL,SC-000316,DSPENG,9300,"Field Survey & MEP Design - Goodwill Bloomington"
2606,001647,FLAGGED_ON_SHELL,SC-000316,UNIREN,240.57,"PORTABLE RESTROOM"
2614,001662,FLAGGED_ON_SHELL,SC-000316,KIMHOR,10570,"170569000 Services up to 12/31/2025 (Goodwill Bloomington)"
2626,001678,FLAGGED_ON_SHELL,SC-000316,K&S,1320.9,"2/27, 2/28, 3/4 Landfill Fees - Goodwill Bloomington"
2627,001679,FLAGGED_ON_SHELL,SC-000316,K&S,1939.5,"3/5-3/6, 3/11 Landfill Fees - Goodwill Bloomington"
2645,001711,MOVED,SC-000151,INTCON,44631,"Goodwill Bloomington - Building Interior & Exterior Demo"
2669,001739,FLAGGED_ON_SHELL,SC-000316,JQOL,1500,"Inv101173 - Professional Services through 03/31/2024 - Goodwill Bloomington"
2672,001742,FLAGGED_ON_SHELL,SC-000316,UNIREN,121.85,"245022417-002 - PORTABLE RESTROOM - Goodwill Bloomington"
2688,001761,MOVED,SC-000176,C&S HEATIN,13500,"PI-2603-0006 Goodwill Bloomington"
2689,001763,MOVED,SC-000156,GLENMARK,3740,"PI-2603-0004 Goodwill Bloomington"
2708,001785,FLAGGED_ON_SHELL,SC-000316,KIMHOR,3285,"Invoice # 170569000-0325 (Goodwill Bloomington - CONSTRUCTION DOCUMENTS and MEET"
2719,002459,MOVED,SC-000208,VISTA,1102.5,"SC-2603-0023 Goodwill Bloomington"
2720,002465,MOVED,SC-000160,MCCRAY,3231.2,"SC-2603-0009 PayApp3 Goodwill Bloomington - Retainage"
2762,001872,FLAGGED_ON_SHELL,SC-000316,KIMHOR,11895,"Invoice # 170569000-1224 Services rendered through 12/31/24 Goodwill Bloomington"
2883,002057,FLAGGED_ON_SHELL,SC-000316,UNIREN,127.2,"245022417-005 - Portable Restroom - Goodwill Bloomington"
2885,002059,MOVED,SC-000226,EZ-ACCESS,1480.49,"SC-2603-0011 Goodwill Bloomington PayApp1"
3028,002258,MOVED,SC-000222,MCCURDY,32616,"SC-2603-0007 PayApp2 Goodwill Bloomington"
3037,002272,MOVED,SC-000223,CIH,1039.99,"SC-2603-0016 PayApp3 Goodwill Bloomington"
3038,002273,MOVED,SC-000222,MCCURDY,3624,"SC-2603-0007 PayApp1 Goodwill Bloomington"
3062,002319,FLAGGED_ON_SHELL,SC-000316,KIMHOR,0,"Invoice # 170569000-0325 (Goodwill Bloomington - CONSTRUCTION DOCUMENTS and MEET"
3063,002320,FLAGGED_ON_SHELL,SC-000316,PRO-VIGIL,1569.35,"IN-399854 Recurring Fee - Goodwill Bloomington"
3066,002323,FLAGGED_ON_SHELL,SC-000316,UNIREN,127.2,"245022417-007 - Portable Restroom - Goodwill Bloomington"
3067,002324,FLAGGED_ON_SHELL,SC-000316,K&S,702.7,"8/19/25 Landfill Fees, Clean Fill & Daily Set Charge - Goodwill Bloomington"
3068,002325,FLAGGED_ON_SHELL,SC-000316,PEOPLE,836.12,"Worker - Goodwill Bloomington"
3069,002326,FLAGGED_ON_SHELL,SC-000316,PEOPLE,705.36,"Worker - Goodwill Bloomington"
3072,002333,MOVED,SC-000151,INTCON,14336.1,"Goodwill Bloomington Building Interior & Exterior Demo PayApp4"
3083,002349,MOVED,SC-000151,INTCON,1592.9,"Goodwill Bloomington Building Interior & Exterior Demo PayApp4"
3088,002356,MOVED,SC-000151,INTCON,492.3,"Goodwill Bloomington Building Interior & Exterior Demo PayApp3"
3090,002357,MOVED,SC-000151,INTCON,587.25,"Goodwill Bloomington Building Interior & Exterior Demo PayApp2"
3091,002358,MOVED,SC-000151,INTCON,2349,"Goodwill Bloomington - Building Interior & Exterior Demo"
3097,002363,FLAGGED_ON_SHELL,SC-000316,PEOPLE,717.17,"GW Bloomington laborers for cleaning and moving fence"
3098,002364,FLAGGED_ON_SHELL,SC-000316,K&S,1742.3,"8/27/25-9/10/25 Landfill Fees, Clean Fill & Daily Set Charge - Goodwill Blooming"
3100,002366,FLAGGED_ON_SHELL,SC-000316,UNIREN,63.93,"250343840-003 - Temporary Fence - Goodwill Bloomington"
3102,002368,FLAGGED_ON_SHELL,SC-000316,UNIREN,179.01,"248179719-005 - Temporary Fence - Goodwill Bloomington"
3106,002372,FLAGGED_ON_SHELL,SC-000316,PRO-VIGIL,1569.35,"IN-402899 Recurring Fee - Goodwill Bloomington (Civil Engineer)"
3107,002373,FLAGGED_ON_SHELL,SC-000316,PEOPLE,424.27,"GW Bloomington - Laborers for cleaning building and trench drain"
3109,002376,FLAGGED_ON_SHELL,SC-000316,KIMHOR,1200,"Invoice 170569000-0825 (Goodwill Bloomington - Limited Construction Phase Servic"
3124,002405,MOVED,SC-000156,GLENMARK,3726,"SC-2603-0019 PayApp7 Goodwill Bloomington"
3128,002407,MOVED,SC-000235,INLINE,24189.12,"SC-2603-0008 Goodwill Bloomington PayApp2"
3129,002409,MOVED,SC-000225,QUALITY,23220,"SC-2603-0012 Goodwill Bloomington"
3130,002411,MOVED,SC-000182,SCFAB,6256.91,"SC-2603-0002 PayApp5 Goodwill Bloomington"
3132,002413,MOVED,SC-000182,SCFAB,2247.51,"SC-2603-0002 PayApp3 Goodwill Bloomington - Retainage"
3133,002414,MOVED,SC-000182,SCFAB,525.9,"SC-2603-0002 PayApp4 Goodwill Bloomington - Retainage"
3134,002415,MOVED,SC-000182,SCFAB,5926.5,"SC-2603-0002 PayApp2 Goodwill Bloomington - Retainage"
3135,002416,FLAGGED_ON_SHELL,SC-000316,ROCKSOLID,7395.12,"SC-2603-0020 PayApp4 Goodwill Bloomington"
3136,002417,FLAGGED_ON_SHELL,SC-000316,ROCKSOLID,9200.13,"SC-2603-0020 PayApp3 Goodwill Bloomington - Retainage"
3137,002418,FLAGGED_ON_SHELL,SC-000316,ROCKSOLID,6903.53,"SC-2603-0020 PayApp1 Goodwill Bloomington - Retainage"
3138,002419,FLAGGED_ON_SHELL,SC-000316,ROCKSOLID,1787.28,"SC-2603-0020 PayApp2 Goodwill Bloomington - Retainage"
3141,002422,MOVED,SC-000232,EURO,10574.1,"SC-2603-0015 PayApp2 Goodwill Bloomington"
3157,002445,MOVED,SC-000182,SCFAB,695.21,"SC-2603-0002 PayApp5 Goodwill Bloomington - Retainage"
3159,002446,FLAGGED_ON_SHELL,SC-000316,ROCKSOLID,821.68,"SC-2603-0020 PayApp4 Goodwill Bloomington - Retainage"
3160,002447,MOVED,SC-000221,CASE CONCE,270,"SC-2603-0010 PayApp2 Goodwill Bloomington"
3166,002452,FLAGGED_ON_SHELL,SC-000316,ROCKSOLID,11727.49,"SC-2603-0020 PayApp5 Goodwill Bloomington"
3167,002453,MOVED,SC-000160,MCCRAY,5098.25,"SC-2603-0009 PayApp1 Goodwill Bloomington - Retainage"
3168,002454,MOVED,SC-000160,MCCRAY,3042,"SC-2603-0009 PayApp2 Goodwill Bloomington - Retainage"
3170,002456,FLAGGED_ON_SHELL,SC-000316,ROCKSOLID,1303.05,"SC-2603-0020 PayApp5 Goodwill Bloomington - Retainage"
3171,002457,MOVED,SC-000225,QUALITY,2580,"SC-2603-0012 Goodwill Bloomington - retainage"
3173,002474,FLAGGED_ON_SHELL,SC-000316,PEOPLE,1315.55,"Inv29302489 GW Bloomington"
3175,002475,FLAGGED_ON_SHELL,SC-000316,PEOPLE,374.27,"Inv29313026 GW Bloomington"
3176,002476,FLAGGED_ON_SHELL,SC-000316,K&S,587.5,"9/15/25-9/24/25 Landfill Fees, Clean Fill & Daily Set Charge - Goodwill Blooming"
3177,002478,MOVED,SC-000208,VISTA,122.5,"SC-2603-0023 Goodwill Bloomington - retainage"
3178,002479,MOVED,SC-000295,COOLPLANET,30186,"SC-2603-0025 Goodwill Bloomington PayApp1 - 50% Downpayment"
3190,002493,FLAGGED_ON_SHELL,SC-000316,K&S,282.6,"10/6/25 Landfill Fees - Goodwill Bloomington"
3192,002494,FLAGGED_ON_SHELL,SC-000316,UNIREN,179.01,"248179719-006 - Temporary Fence - Goodwill Bloomington"
3195,002501,FLAGGED_ON_SHELL,SC-000316,PATRIOTENG,1126,"Professional Services through 7/31/25 - Goodwill Bloomington"
3202,002514,MOVED,SC-000221,CASE CONCE,738.6,"SC-2603-0010 PayApp1 Goodwill Bloomington Retainage"
3203,002515,MOVED,SC-000221,CASE CONCE,360,"SC-2603-0010 PayApp3 Goodwill Bloomington"
3204,002516,MOVED,SC-000232,EURO,30464.1,"SC-2603-0015 PayApp3 Goodwill Bloomington"
3205,002517,MOVED,SC-000227,GARDOOR,14707.8,"SC-2603-0013 PayApp2 Goodwill Bloomington"
3206,002518,MOVED,SC-000156,GLENMARK,14349.6,"SC-2603-0019 PayApp8 Goodwill Bloomington"
3207,002520,MOVED,SC-000303,SNEDCONST,4500,"SC-2603-0027 Goodwill Bloomington"
3208,002523,MOVED,SC-000221,CASE CONCE,30,"SC-2603-0010 PayApp2 Goodwill Bloomington Retainage"
3224,002543,MOVED,SC-000224,BLAKLEY,30482.22,"SC-2603-0017 PayApp3 Goodwill Bloomington"
3228,002552,MOVED,SC-000295,COOLPLANET,38556,"SC-2603-0025 Goodwill Bloomington PayApp2"
3241,002583,MOVED,SC-000176,C&S HEATIN,4582,"SC-2603-0006 PayApp3 Goodwill Bloomington Retainage"
3242,002584,MOVED,SC-000176,C&S HEATIN,9920,"SC-2603-0006 PayApp2 Goodwill Bloomington Retainage"
3243,002585,MOVED,SC-000176,C&S HEATIN,762.2,"SC-2603-0006 PayApp4 Goodwill Bloomington Retainage"
3244,002586,MOVED,SC-000176,C&S HEATIN,1500,"PI-2603-0006 Goodwill Bloomington Retainage"
3250,002593,FLAGGED_ON_SHELL,SC-000316,UNIREN,588.49,"248179719-007 - Fence Modular - Goodwill Bloomington"
3252,002595,FLAGGED_ON_SHELL,SC-000316,KIMHOR,1942.5,"Invoice 170569000-0925 (Goodwill Bloomington - Limited Construction Phase Servic"
3323,002709,MOVED,SC-000156,GLENMARK,1196.4,"SC-2603-0019 PayApp9 Goodwill Bloomington - Retainage"
3324,002710,MOVED,SC-000156,GLENMARK,415.56,"PI-2603-0004 Goodwill Bloomington - Retainage"
3325,002711,MOVED,SC-000156,GLENMARK,4501.7,"SC-2603-0019 PayApp5 Goodwill Bloomington - Retainage"
3326,002712,MOVED,SC-000156,GLENMARK,6412.9,"Goodwill Bloomington - Retainage"
3327,002713,MOVED,SC-000156,GLENMARK,414,"SC-2603-0019 PayApp7 Goodwill Bloomington - Retainage"
3328,002714,MOVED,SC-000156,GLENMARK,4642.9,"SC-2603-0019 PayApp6 Goodwill Bloomington - Retainage"
3329,002715,MOVED,SC-000156,GLENMARK,8874.19,"SC-2603-0019 PayApp4 Goodwill Bloomington - Retainage"
3330,002716,MOVED,SC-000156,GLENMARK,1594.4,"SC-2603-0019 PayApp8 Goodwill Bloomington - Retainage"
3331,002717,MOVED,SC-000156,GLENMARK,3505.1,"SC-2603-0003 PayApp3 Goodwill Bloomington - Retainage"
3341,002730,MOVED,SC-000199,DIAMOND,10641.6,"SC-2603-0019 PayApp4 Goodwill Bloomington"
3342,002731,MOVED,SC-000227,GARDOOR,1634.2,"SC-2603-0013 PayApp2 Goodwill Bloomington"
3343,002732,MOVED,SC-000227,GARDOOR,656,"SC-2603-0013 PayApp1 Goodwill Bloomington"
3345,002734,MOVED,SC-000302,CENTRALSEC,1060.79,"SC-2603-0028 Goodwill Bloomington"
3346,002735,MOVED,SC-000232,EURO,3384.9,"SC-2603-0015 PayApp3 Goodwill Bloomington - Retainage"
3347,002736,MOVED,SC-000232,EURO,1174.9,"SC-2603-0015 PayApp2 Goodwill Bloomington - Retainage"
3348,002737,MOVED,SC-000232,EURO,3000,"SC-2603-0015 PayApp1 Goodwill Bloomington - Retainage"
3349,002738,MOVED,SC-000232,EURO,200,"SC-2603-0015 PayApp4 Goodwill Bloomington - Retainage"
3356,002748,MOVED,SC-000199,DIAMOND,1182.4,"SC-2603-0019 PayApp4 Goodwill Bloomington - Retainage"
3357,002749,MOVED,SC-000199,DIAMOND,3763.15,"SC-2603-0019 PayApp3 Goodwill Bloomington - Retainage"
3358,002750,MOVED,SC-000199,DIAMOND,148.5,"SC-2603-0019 PayApp2 Goodwill Bloomington - Retainage"
3359,002751,MOVED,SC-000199,DIAMOND,4636.35,"SC-2603-0019 PayApp1 Goodwill Bloomington - Retainage"
3360,002752,MOVED,SC-000225,QUALITY,1305,"SC-2603-0012 Goodwill Bloomington PayApp2"
3372,002766,MOVED,SC-000302,CENTRALSEC,117.87,"SC-2603-0028 Goodwill Bloomington - Retainage"
3377,002787,MOVED,SC-000225,QUALITY,145,"SC-2603-0012 Goodwill Bloomington PayApp2"
3424,002860,MOVED,SC-000223,CIH,3051.76,"SC-2603-0016 Goodwill Bloomington"
3433,002891,MOVED,SC-000224,BLAKLEY,3386.91,"SC-2603-0017 PayApp3 Goodwill Bloomington"
3434,002892,MOVED,SC-000224,BLAKLEY,5820,"SC-2603-0017 PayApp2 Goodwill Bloomington"
3435,002893,MOVED,SC-000290,UNIEX,15747.34,"SC-2603-0024 Goodwill Bloomington"
