issue_number,feedback_item_id,created_at,inbox_section,inbox_status,severity,category,tool,submitted_from_path,submitted_from_url,page_title,title,description,github_state_from_db,status_summary,proof_bucket,next_action,screenshot_path,evidence_label,evidence_url,github_issue_url,velt_comment_url,attachment_urls
596,8a15c79e-2f7e-4837-b71f-ef47be90dc18,2026-07-01T03:51:09.763895+00:00,Not marked verified,in_progress,medium,,Commitments,/876/commitments/370ccdd2-4f9e-404a-84ec-21c4f2403658,http://localhost:3001/876/commitments/370ccdd2-4f9e-404a-84ec-21c4f2403658,000109 — 000109 - Project - Exol Morrisville,PDF export doesn't work.,PDF export doesn't work.,open,Feedback: in_progress; Audit: not fixed; GitHub: OPEN/REOPENED,Not fixed,Move to fix loop or reopen; verify exact named route after repair.,/Users/meganharrison/Documents/alleato-pm/docs/ops/evidence/2026-07-03-feedback-inbox-non-budget-72h-audit/commitments/commitment-detail-playwright-current.png,Current audit notes,/Users/meganharrison/Documents/alleato-pm/docs/ops/tasks/2026-07-03-feedback-inbox-non-budget-72h-audit.md,https://github.com/MeganHarrison/alleato-pm/issues/596,https://projects.alleatogroup.com/876/commitments/370ccdd2-4f9e-404a-84ec-21c4f2403658?scommentId=gxCwrX82Ms38iZtEz3U6,https://firebasestorage.googleapis.com/v0/b/snipply-sdk-prod-test/o/FrgDvrLSN1kXy31AiIur%2Forganizations%2F141ab3a12d44492b6b8df4843768f45a%2Fdocs%2F8130086873394696%2Fcomment%2FgxCwrX82Ms38iZtEz3U6%2F933150_0NYPXmxSC91iOZt6PF09.png?alt=media&token=dbba3fd8-50bf-4e81-8891-4e1f82e9799c
594,526cdb7c-4ca2-4e9a-800e-f62303dc4c2a,2026-07-01T03:51:08.187164+00:00,Not marked verified,resolved,medium,,Subcontractor Invoicing,/876/invoicing/subcontractor/8092,http://localhost:3001/876/invoicing/subcontractor/8092,Alleato AI - Project Management,"when I exported the invoice it isn't showing correctly, it should match the export shown in Procore/Job Planner. Invoice page should look like procore screen s...","when I exported the invoice it isn't showing correctly, it should match the export shown in Procore/Job Planner. Invoice page should look like procore screen shot. 24-102-Wesleyan_Office-2-Invoice_2-2026-07-01.pdf Exported PDF should look like the attachment.",open,Feedback: resolved; Audit: unproven; GitHub: open state in export; detail/PDF route partially proven,Needs verification,"Run one focused route proof for the missing behavior, not a full retest.",/Users/meganharrison/Documents/alleato-pm/docs/ops/evidence/2026-07-03-feedback-inbox-non-budget-72h-audit/invoicing-subcontractor/invoicing-subcontractor-detail-current.png,Invoice route evidence,/Users/meganharrison/Documents/alleato-pm/docs/ops/tasks/2026-07-03-feedback-inbox-non-budget-72h-audit.md,https://github.com/MeganHarrison/alleato-pm/issues/594,https://projects.alleatogroup.com/876/invoicing/subcontractor/8092?scommentId=p2StcVU4PG1f8wBYIwkJ,https://firebasestorage.googleapis.com/v0/b/snipply-sdk-prod-test/o/FrgDvrLSN1kXy31AiIur%2Forganizations%2F141ab3a12d44492b6b8df4843768f45a%2Fdocs%2F3385234828672546%2Fcomment%2Fp2StcVU4PG1f8wBYIwkJ%2F894014_mUPIXCq23ReWyeYl3R2w.png?alt=media&token=40464a9a-afa7-43a2-946f-c4e4a3ce7b6a https://firebasestorage.googleapis.com/v0/b/snipply-sdk-prod-test/o/FrgDvrLSN1kXy31AiIur%2Forganizations%2F141ab3a12d44492b6b8df4843768f45a%2Fdocs%2F3385234828672546%2Fcomment%2Fp2StcVU4PG1f8wBYIwkJ%2F788318_4HDYShWxMlwz4XrTT3VA.png?alt=media&token=8c7cebb9-6371-4267-b4a1-83ccf292a47d https://firebasestorage.googleapis.com/v0/b/snipply-sdk-prod-test/o/FrgDvrLSN1kXy31AiIur%2Forganizations%2F141ab3a12d44492b6b8df4843768f45a%2Fdocs%2F3385234828672546%2Fcomment%2Fp2StcVU4PG1f8wBYIwkJ%2F947643_24-102-Wesleyan_Office-2-Invoice_2-2026-07-01.pdf?alt=media&token=8cea9936-72dd-4b73-8ff3-bdebfa1baa1a
591,d00258a4-be04-4882-8813-8e73feeba878,2026-07-01T03:42:13.598714+00:00,Not marked verified,resolved,medium,,Commitment Change Orders,/876/change-orders/commitment/aa35f3c3-5ec0-4568-b126-f8671b4791cc,http://localhost:3001/876/change-orders/commitment/aa35f3c3-5ec0-4568-b126-f8671b4791cc,Alleato AI - Project Management,commitment change order shouldn't have the mark up on there that we are putting from the prime contract.,commitment change order shouldn't have the mark up on there that we are putting from the prime contract.,open,Feedback: resolved; Audit: unproven,Needs verification,"Run focused browser verification on the named route and classify as verified fixed, not fixed, or deferred.",/Users/meganharrison/Documents/alleato-pm/docs/ops/evidence/2026-07-03-feedback-inbox-non-budget-72h-audit/commitment-change-orders/cco-detail-playwright-current.png,Commitment CCO audit notes,/Users/meganharrison/Documents/alleato-pm/docs/ops/tasks/2026-07-03-feedback-inbox-non-budget-72h-audit.md,https://github.com/MeganHarrison/alleato-pm/issues/591,https://projects.alleatogroup.com/876/change-orders/commitment/aa35f3c3-5ec0-4568-b126-f8671b4791cc?scommentId=j6HqRSKobFDhjexI8XDo,
590,0c3124bf-fe72-42f1-9a26-ede738af4538,2026-07-01T03:42:12.694753+00:00,Not marked verified,resolved,medium,,Commitment Change Orders,/876/change-orders/commitment/aa35f3c3-5ec0-4568-b126-f8671b4791cc,http://localhost:3001/876/change-orders/commitment/aa35f3c3-5ec0-4568-b126-f8671b4791cc,Alleato AI - Project Management,I should be able to export this to PDF so I can send it to the sub for signature. I should also be able to email it to them from this screen as well.,I should be able to export this to PDF so I can send it to the sub for signature. I should also be able to email it to them from this screen as well.,open,Feedback: resolved; Audit: unproven; GitHub: CLOSED/COMPLETED,Needs verification,"Run focused browser verification on the named route and classify as verified fixed, not fixed, or deferred.",/Users/meganharrison/Documents/alleato-pm/docs/ops/evidence/2026-07-03-feedback-inbox-non-budget-72h-audit/commitment-change-orders/cco-detail-playwright-current.png,Commitment CCO audit notes,/Users/meganharrison/Documents/alleato-pm/docs/ops/tasks/2026-07-03-feedback-inbox-non-budget-72h-audit.md,https://github.com/MeganHarrison/alleato-pm/issues/590,https://projects.alleatogroup.com/876/change-orders/commitment/aa35f3c3-5ec0-4568-b126-f8671b4791cc?scommentId=mi3N7qoNnYiAxVjPlOwG,
589,32c3b86a-aa1d-427e-8838-670c95b21aa4,2026-07-01T03:42:11.97648+00:00,Not marked verified,resolved,medium,,Commitment Change Orders,/876/change-orders/commitment/aa35f3c3-5ec0-4568-b126-f8671b4791cc,http://localhost:3001/876/change-orders/commitment/aa35f3c3-5ec0-4568-b126-f8671b4791cc,Alleato AI - Project Management,"This isn't even right if we were doing mark up, the calculations aren't there.","This isn't even right if we were doing mark up, the calculations aren't there.",open,Feedback: resolved; Audit: unproven,Needs verification,"Run focused browser verification on the named route and classify as verified fixed, not fixed, or deferred.",/Users/meganharrison/Documents/alleato-pm/docs/ops/evidence/2026-07-03-feedback-inbox-non-budget-72h-audit/commitment-change-orders/cco-detail-playwright-current.png,Commitment CCO audit notes,/Users/meganharrison/Documents/alleato-pm/docs/ops/tasks/2026-07-03-feedback-inbox-non-budget-72h-audit.md,https://github.com/MeganHarrison/alleato-pm/issues/589,https://projects.alleatogroup.com/876/change-orders/commitment/aa35f3c3-5ec0-4568-b126-f8671b4791cc?scommentId=iACw885errh4cBfTis79,
588,b0e28d61-f77c-4134-9110-38d331c313b4,2026-07-01T03:42:11.239588+00:00,Not marked verified,resolved,medium,,Commitment Change Orders,/876/change-orders/commitment/aa35f3c3-5ec0-4568-b126-f8671b4791cc,http://localhost:3001/876/change-orders/commitment/aa35f3c3-5ec0-4568-b126-f8671b4791cc,Alleato AI - Project Management,I shouldn't be able to go in and add a line item to a CO that is in the approved status.,I shouldn't be able to go in and add a line item to a CO that is in the approved status.,open,Feedback: resolved; Audit: not fixed; GitHub: CLOSED/DUPLICATE,Not fixed,Move to fix loop or reopen; verify exact named route after repair.,/Users/meganharrison/Documents/alleato-pm/docs/ops/evidence/2026-07-03-feedback-inbox-non-budget-72h-audit/commitment-change-orders/cco-detail-playwright-current.png,Commitment CCO audit notes,/Users/meganharrison/Documents/alleato-pm/docs/ops/tasks/2026-07-03-feedback-inbox-non-budget-72h-audit.md,https://github.com/MeganHarrison/alleato-pm/issues/588,https://projects.alleatogroup.com/876/change-orders/commitment/aa35f3c3-5ec0-4568-b126-f8671b4791cc?scommentId=w33evEzq5iaCVM5ub0AH,
587,8114980e-5629-410e-95af-69cfe457e4c1,2026-07-01T03:42:10.462963+00:00,Not marked verified,resolved,high,,Commitment Change Orders,/876/change-orders/commitment/aa35f3c3-5ec0-4568-b126-f8671b4791cc,http://localhost:3001/876/change-orders/commitment/aa35f3c3-5ec0-4568-b126-f8671b4791cc,Alleato AI - Project Management,"date is wrong, I approved it today, June 30th, 2026, requested can't come after created.","date is wrong, I approved it today, June 30th, 2026, requested can't come after created.",open,Feedback: resolved; Audit: unproven,Needs verification,"Run focused browser verification on the named route and classify as verified fixed, not fixed, or deferred.",/Users/meganharrison/Documents/alleato-pm/docs/ops/evidence/2026-07-03-feedback-inbox-non-budget-72h-audit/commitment-change-orders/cco-detail-playwright-current.png,Commitment CCO audit notes,/Users/meganharrison/Documents/alleato-pm/docs/ops/tasks/2026-07-03-feedback-inbox-non-budget-72h-audit.md,https://github.com/MeganHarrison/alleato-pm/issues/587,https://projects.alleatogroup.com/876/change-orders/commitment/aa35f3c3-5ec0-4568-b126-f8671b4791cc?scommentId=YSUXb7ciZeVdw4OnN9su,
586,3287a97c-ca10-4cb0-b152-279e29767edc,2026-07-01T03:42:09.679673+00:00,Not marked verified,resolved,low,,Commitment Change Orders,/876/change-orders/commitment/aa35f3c3-5ec0-4568-b126-f8671b4791cc,http://localhost:3001/876/change-orders/commitment/aa35f3c3-5ec0-4568-b126-f8671b4791cc,Alleato AI - Project Management,"where is this populating from? CO CCO, Change Order Commitment Change Order?","where is this populating from? CO CCO, Change Order Commitment Change Order?",open,Feedback: resolved; Audit: unproven,Needs verification,"Run focused browser verification on the named route and classify as verified fixed, not fixed, or deferred.",/Users/meganharrison/Documents/alleato-pm/docs/ops/evidence/2026-07-03-feedback-inbox-non-budget-72h-audit/commitment-change-orders/cco-detail-playwright-current.png,Commitment CCO audit notes,/Users/meganharrison/Documents/alleato-pm/docs/ops/tasks/2026-07-03-feedback-inbox-non-budget-72h-audit.md,https://github.com/MeganHarrison/alleato-pm/issues/586,https://projects.alleatogroup.com/876/change-orders/commitment/aa35f3c3-5ec0-4568-b126-f8671b4791cc?scommentId=VI5i1AYibilbjFB1GUgS,
585,45d5f5bf-c062-47bc-916b-c8d597a2c431,2026-07-01T03:42:08.868015+00:00,Not marked verified,resolved,low,,Commitments,/876/commitments/a0d9d40d-37c5-4739-872e-e5412cbc785b,http://localhost:3001/876/commitments/a0d9d40d-37c5-4739-872e-e5412cbc785b,000125 — 000125 - Project - Exol Morrisville,Why does this say create retainage invoice?,Why does this say create retainage invoice?,open,Feedback: resolved; Audit: unproven,Needs verification,"Run focused browser verification on the named route and classify as verified fixed, not fixed, or deferred.",/Users/meganharrison/Documents/alleato-pm/docs/ops/evidence/2026-07-03-feedback-inbox-non-budget-72h-audit/commitments/commitment-detail-playwright-current.png,Commitments audit notes,/Users/meganharrison/Documents/alleato-pm/docs/ops/tasks/2026-07-03-feedback-inbox-non-budget-72h-audit.md,https://github.com/MeganHarrison/alleato-pm/issues/585,https://projects.alleatogroup.com/876/commitments/a0d9d40d-37c5-4739-872e-e5412cbc785b?scommentId=pHmhXljguxflY8U5z6IO,
584,e6b70cd9-a5c9-4a02-88fd-e86c1c15474b,2026-07-01T03:42:07.831268+00:00,Not marked verified,resolved,high,,Commitments,/876/commitments/a0d9d40d-37c5-4739-872e-e5412cbc785b,http://localhost:3001/876/commitments/a0d9d40d-37c5-4739-872e-e5412cbc785b,000125 — 000125 - Project - Exol Morrisville,make sure subs can't create change events.,make sure subs can't create change events.,open,Feedback: resolved; Audit: unproven,Needs verification,"Run focused browser verification on the named route and classify as verified fixed, not fixed, or deferred.",/Users/meganharrison/Documents/alleato-pm/docs/ops/evidence/2026-07-03-feedback-inbox-non-budget-72h-audit/commitments/commitment-detail-playwright-current.png,Commitments audit notes,/Users/meganharrison/Documents/alleato-pm/docs/ops/tasks/2026-07-03-feedback-inbox-non-budget-72h-audit.md,https://github.com/MeganHarrison/alleato-pm/issues/584,https://projects.alleatogroup.com/876/commitments/a0d9d40d-37c5-4739-872e-e5412cbc785b?scommentId=CPDPG31INKeEnf9BPXAx,https://firebasestorage.googleapis.com/v0/b/snipply-sdk-prod-test/o/FrgDvrLSN1kXy31AiIur%2Forganizations%2F141ab3a12d44492b6b8df4843768f45a%2Fdocs%2F4366734777175419%2Fcomment%2FCPDPG31INKeEnf9BPXAx%2F465766_rPpk19x6RwjxothWvwuz.png?alt=media&token=9b92dcd9-8a2e-4b33-a970-a6cb6c394e11
583,9183d571-3a34-433f-8a2e-bee83511a845,2026-07-01T03:31:09.624222+00:00,Not marked verified,resolved,medium,,Tasks,/tasks,http://localhost:3001/tasks,Alleato AI - Project Management,For the up arrow you should have the ability to say why it is good so you can provide context for the AI.,For the up arrow you should have the ability to say why it is good so you can provide context for the AI.,open,Feedback: resolved; Audit: not yet verified in current pass,Needs verification,"Run focused browser verification on the named route and classify as verified fixed, not fixed, or deferred.",/Users/meganharrison/Documents/alleato-pm/docs/ops/evidence/2026-07-03-feedback-inbox-non-budget-72h-audit/tasks/tasks-page-current.png,No fresh route-level task evidence recorded yet,,https://github.com/MeganHarrison/alleato-pm/issues/583,https://projects.alleatogroup.com/tasks?scope=mine&scommentId=XMMk2Xv90rRRGs35vBhT,
582,4e5b3d5a-0a96-42a4-8a43-e9276ba3a4ca,2026-07-01T03:31:08.888385+00:00,Not marked verified,resolved,medium,,Tasks,/tasks,http://localhost:3001/tasks,Alleato AI - Project Management,"Should be able to filter by job and person so if I wanted to look at what was in someone's court I could, or look at what is overdue etc.","Should be able to filter by job and person so if I wanted to look at what was in someone's court I could, or look at what is overdue etc.",open,Feedback: resolved; Audit: not yet verified in current pass,Needs verification,"Run focused browser verification on the named route and classify as verified fixed, not fixed, or deferred.",/Users/meganharrison/Documents/alleato-pm/docs/ops/evidence/2026-07-03-feedback-inbox-non-budget-72h-audit/tasks/tasks-page-current.png,No fresh route-level task evidence recorded yet,,https://github.com/MeganHarrison/alleato-pm/issues/582,https://projects.alleatogroup.com/tasks?scope=all&task=175a359d-93ef-4bdf-93f8-50384b985d83&view=table&scommentId=41wpmVm29fiFluo8za3o,
580,6262978f-859f-4b5e-90f7-7cb2edf4fb34,2026-07-01T03:31:07.354259+00:00,Not marked verified,resolved,low,,Meetings,/meetings/01KVTCKJXEWVBTFFVAK956WS9B,http://localhost:3001/meetings/01KVTCKJXEWVBTFFVAK956WS9B,Alleato AI - Project Management,you have tasks and action items. What is the difference?,you have tasks and action items. What is the difference?,open,Feedback: resolved; Audit: not yet verified in current pass; GitHub: CLOSED/COMPLETED,Needs verification,"Run focused browser verification on the named route and classify as verified fixed, not fixed, or deferred.",/Users/meganharrison/Documents/alleato-pm/docs/ops/evidence/2026-07-03-feedback-inbox-non-budget-72h-audit/meetings/meetings-page-current.png,No fresh route-level task evidence recorded yet,,https://github.com/MeganHarrison/alleato-pm/issues/580,https://projects.alleatogroup.com/meetings/01KVTCKJXEWVBTFFVAK956WS9B?scommentId=zGRdb0EQJiiqZX73lOuk,
579,5af7be7e-2d6c-4a47-84be-e5e4c2769a74,2026-07-01T03:31:06.527673+00:00,Not marked verified,resolved,medium,,Meetings,/meetings,http://localhost:3001/meetings,Alleato AI - Project Management,"Where is the create meeting? The entire point of this is to be able to create meetings and agendas/notes for those meetings. Like a weekly OAC meeting, you can...","Where is the create meeting? The entire point of this is to be able to create meetings and agendas/notes for those meetings. Like a weekly OAC meeting, you can see how Procore has there meetings thing set up. This is just copying everything from fireflies which isn't the point.",open,Feedback: resolved; Audit: not fixed; GitHub: OPEN/REOPENED,Not fixed,Move to fix loop or reopen; verify exact named route after repair.,/Users/meganharrison/Documents/alleato-pm/docs/ops/evidence/2026-07-03-feedback-inbox-non-budget-72h-audit/meetings/meetings-page-current.png,Meeting creation audit notes,/Users/meganharrison/Documents/alleato-pm/docs/ops/tasks/2026-07-03-feedback-inbox-non-budget-72h-audit.md,https://github.com/MeganHarrison/alleato-pm/issues/579,https://projects.alleatogroup.com/meetings?scommentId=aK6DWzznWIon2QPpj4ND,
578,d5e15f0a-6b75-4cf2-9053-fcc82b6fb53d,2026-07-01T03:31:05.778659+00:00,Not marked verified,resolved,high,,Meetings,/876/meetings,http://localhost:3001/876/meetings,Alleato AI - Project Management,"when I click into a meeting it just routes me to company meetings, so its the same list of meetings. But we need them to be in the specifc job. See my other me...","when I click into a meeting it just routes me to company meetings, so its the same list of meetings. But we need them to be in the specifc job. See my other meetings comment.",open,Feedback: resolved; Audit: not yet verified in current pass; GitHub: CLOSED/COMPLETED,Needs verification,"Run focused browser verification on the named route and classify as verified fixed, not fixed, or deferred.",/Users/meganharrison/Documents/alleato-pm/docs/ops/evidence/2026-07-03-feedback-inbox-non-budget-72h-audit/meetings/meetings-page-current.png,No fresh route-level task evidence recorded yet,,https://github.com/MeganHarrison/alleato-pm/issues/578,https://projects.alleatogroup.com/876/meetings?scommentId=JfQUY0T3HEps5ODvPkek,
577,f82f1269-fe21-42c9-a3c8-51c4cefec6a9,2026-07-01T03:31:05.040688+00:00,Not marked verified,resolved,medium,,Directory,/876/directory,http://localhost:3001/876/directory,Alleato AI - Project Management,"this should be add a person, not add a contact. you should be able to click a button that says add from company directory. Refrence Procore how they have there...","this should be add a person, not add a contact. you should be able to click a button that says add from company directory. Refrence Procore how they have there's set up.",open,Feedback: resolved; Audit: not yet verified in current pass; GitHub: CLOSED/COMPLETED,Needs verification,"Run focused browser verification on the named route and classify as verified fixed, not fixed, or deferred.",/Users/meganharrison/Documents/alleato-pm/docs/ops/evidence/2026-07-03-feedback-inbox-non-budget-72h-audit/directory/directory-876-page-current.png,No fresh route-level task evidence recorded yet,,https://github.com/MeganHarrison/alleato-pm/issues/577,https://projects.alleatogroup.com/876/directory?scommentId=iJoMz4IXUXVRJzMocwU3,
575,f34cecf5-a39a-4d69-a698-60fbd5c9519c,2026-07-01T03:31:02.62725+00:00,Not marked verified,resolved,medium,,Drawings,/876/drawings,http://localhost:3001/876/drawings,Alleato AI - Project Management,"I should be able to cloud something and the option to link and other function shows up, just like how procore drawing function does. See screen shot.","I should be able to cloud something and the option to link and other function shows up, just like how procore drawing function does. See screen shot.",open,Feedback: resolved; Audit: unproven,Needs verification,"Run focused browser verification on the named route and classify as verified fixed, not fixed, or deferred.",/Users/meganharrison/Documents/alleato-pm/docs/ops/evidence/2026-07-03-feedback-inbox-non-budget-72h-audit/drawings/drawings-viewer-working-current.png,Drawings audit notes,/Users/meganharrison/Documents/alleato-pm/docs/ops/tasks/2026-07-03-feedback-inbox-non-budget-72h-audit.md,https://github.com/MeganHarrison/alleato-pm/issues/575,https://projects.alleatogroup.com/876/drawings?scommentId=LmLM6phOhzEqVl8tU3Ne,https://firebasestorage.googleapis.com/v0/b/snipply-sdk-prod-test/o/FrgDvrLSN1kXy31AiIur%2Forganizations%2F141ab3a12d44492b6b8df4843768f45a%2Fdocs%2F4775136321983355%2Fcomment%2FLmLM6phOhzEqVl8tU3Ne%2F221518_4SWfrj4dwfT31CZNp0ip.png?alt=media&token=378473bc-0159-4e4d-8910-b0c670a0e8a2
574,99c648d3-c2ed-4155-ad83-ff0f043f5634,2026-07-01T03:31:01.919215+00:00,Not marked verified,resolved,high,,Drawings,/876/drawings,http://localhost:3001/876/drawings,Alleato AI - Project Management,"when I click QR code it pulls one up and then when I scan it with my phone it just takes me to this login page, it should take me right to that drawing I would...","when I click QR code it pulls one up and then when I scan it with my phone it just takes me to this login page, it should take me right to that drawing I would think.",open,Feedback: resolved; Audit: not fixed,Not fixed,Move to fix loop or reopen; verify exact named route after repair.,/Users/meganharrison/Documents/alleato-pm/docs/ops/evidence/2026-07-03-feedback-inbox-non-budget-72h-audit/drawings/drawings-callback-access-denied.png,Deep-link failure proof,/Users/meganharrison/Documents/alleato-pm/docs/ops/tasks/2026-07-03-feedback-inbox-non-budget-72h-audit.md,https://github.com/MeganHarrison/alleato-pm/issues/574,https://projects.alleatogroup.com/876/drawings?scommentId=LG62Ha62EFyDMxB3FMsA,
572,60d1eb91-bb99-47fb-97e6-b94fa6ca26ea,2026-07-01T03:31:00.30992+00:00,Not marked verified,resolved,low,,Documents,/876/documents,http://localhost:3001/876/documents,Documents,"Where are these documents coming from, who is uploading them? Is this something AI is doing?","Where are these documents coming from, who is uploading them? Is this something AI is doing?",open,Feedback: resolved; Audit: not yet verified in current pass; GitHub: CLOSED/COMPLETED,Needs verification,"Run focused browser verification on the named route and classify as verified fixed, not fixed, or deferred.",/Users/meganharrison/Documents/alleato-pm/docs/ops/evidence/2026-07-03-feedback-inbox-non-budget-72h-audit/documents/documents-page-current.png,No fresh route-level task evidence recorded yet,,https://github.com/MeganHarrison/alleato-pm/issues/572,https://projects.alleatogroup.com/876/documents?scommentId=PDSSC1LJDLkSKRHRAZyT,
569,36ab292c-dc5e-4201-949d-ca37d543836c,2026-07-01T03:30:57.97709+00:00,Not marked verified,resolved,medium,,RFIs,/876/rfis/new,http://localhost:3001/876/rfis/new,Alleato AI - Project Management,Should only pull from people who are in the project.,Should only pull from people who are in the project.,open,Feedback: resolved; Audit: unproven with positive evidence; GitHub: CLOSED/COMPLETED,Needs verification,"Run focused browser verification on the named route and classify as verified fixed, not fixed, or deferred.",/Users/meganharrison/Documents/alleato-pm/docs/ops/evidence/2026-07-03-feedback-inbox-non-budget-72h-audit/rfis/rfi-new-current.png,RFI create-route assignee proof,/Users/meganharrison/Documents/alleato-pm/docs/ops/tasks/2026-07-03-feedback-inbox-non-budget-72h-audit.md,https://github.com/MeganHarrison/alleato-pm/issues/569,https://projects.alleatogroup.com/876/rfis/new?scommentId=6m0X9lBBQLWasC93o3S4,
568,f5f68473-9d9a-492a-a641-ed31756dc658,2026-07-01T03:30:57.238721+00:00,Not marked verified,resolved,medium,,RFIs,/876/rfis,http://localhost:3001/876/rfis,Alleato AI - Project Management,"I should be able to export PDF that is formated as a RFI log, I should be able to click and export just this single RFI as well. RFI page should be able to be...","I should be able to export PDF that is formated as a RFI log, I should be able to click and export just this single RFI as well. RFI page should be able to be configured like the Procore one shown in the screen shot.",open,Feedback: resolved; Audit: not fixed,Not fixed,Move to fix loop or reopen; verify exact named route after repair.,/Users/meganharrison/Documents/alleato-pm/docs/ops/evidence/2026-07-03-feedback-inbox-non-budget-72h-audit/rfis/rfis-page-current.png,RFI list/export proof,/Users/meganharrison/Documents/alleato-pm/docs/ops/tasks/2026-07-03-feedback-inbox-non-budget-72h-audit.md,https://github.com/MeganHarrison/alleato-pm/issues/568,https://projects.alleatogroup.com/876/rfis?scommentId=mR2W61n6FjZ7E6k7Hn6L,https://firebasestorage.googleapis.com/v0/b/snipply-sdk-prod-test/o/FrgDvrLSN1kXy31AiIur%2Forganizations%2F141ab3a12d44492b6b8df4843768f45a%2Fdocs%2F4894979336379645%2Fcomment%2FmR2W61n6FjZ7E6k7Hn6L%2F266178_ht5JbOduM1w8XrEJkSZ5.png?alt=media&token=466262ae-1ff4-48c7-b1af-0c30f000269a https://firebasestorage.googleapis.com/v0/b/snipply-sdk-prod-test/o/FrgDvrLSN1kXy31AiIur%2Forganizations%2F141ab3a12d44492b6b8df4843768f45a%2Fdocs%2F4894979336379645%2Fcomment%2FmR2W61n6FjZ7E6k7Hn6L%2F334384_y8T9t4HviSBt5WwqiBAX.png?alt=media&token=b0d57630-efef-4cef-9b72-00bb5a50400d
567,130de417-7918-407b-a3ac-c31ae70b1136,2026-07-01T03:30:56.131486+00:00,Not marked verified,resolved,medium,,Submittals,/876/submittals/e2b8898d-d3f8-4e63-b16a-61fa9f1e12c4,http://localhost:3001/876/submittals/e2b8898d-d3f8-4e63-b16a-61fa9f1e12c4,Alleato AI - Project Management,"you should be able to click view or edit, right now you just click into it and then it is all editable, that invites mistakes. Also in the workflow section the...","you should be able to click view or edit, right now you just click into it and then it is all editable, that invites mistakes. Also in the workflow section the first person in the workflow should be the submitter, the approver should be greyed out unless there is a step before them.",open,Feedback: resolved; Audit: unproven with partial positive evidence,Needs verification,"Run one focused route proof for the missing behavior, not a full retest.",/Users/meganharrison/Documents/alleato-pm/docs/ops/evidence/2026-07-03-feedback-inbox-non-budget-72h-audit/submittals/submittal-detail-current.png,Submittal detail-route proof,/Users/meganharrison/Documents/alleato-pm/docs/ops/tasks/2026-07-03-feedback-inbox-non-budget-72h-audit.md,https://github.com/MeganHarrison/alleato-pm/issues/567,https://projects.alleatogroup.com/876/submittals/e2b8898d-d3f8-4e63-b16a-61fa9f1e12c4?scommentId=UhKHMBbr6NGfB87iQCuM,https://firebasestorage.googleapis.com/v0/b/snipply-sdk-prod-test/o/FrgDvrLSN1kXy31AiIur%2Forganizations%2F141ab3a12d44492b6b8df4843768f45a%2Fdocs%2F1202715454734776%2Fcomment%2FUhKHMBbr6NGfB87iQCuM%2F138854_Bu1Sk1Iy7z62X9IwCGV4.png?alt=media&token=6a4e4cb5-c711-4625-8523-a0d72a9c6c38
563,a7dd954b-ea09-4b56-888d-9f0aebf8bab5,2026-07-01T03:30:53.171566+00:00,Not marked verified,resolved,medium,,Transmittals,/876/transmittals,http://localhost:3001/876/transmittals,Transmittals - Project - Exol Morrisville,"This is howa transmittal page should look, please refrence procore.","This is howa transmittal page should look, please refrence procore.",open,Feedback: resolved; Audit: not yet verified in current pass; GitHub: CLOSED/COMPLETED,Needs verification,"Run focused browser verification on the named route and classify as verified fixed, not fixed, or deferred.",/Users/meganharrison/Documents/alleato-pm/docs/ops/evidence/2026-07-03-feedback-inbox-non-budget-72h-audit/transmittals/transmittals-page-current.png,No fresh route-level task evidence recorded yet,,https://github.com/MeganHarrison/alleato-pm/issues/563,https://projects.alleatogroup.com/876/transmittals?scommentId=KkWn15lhoGZMO0AtLMvE,https://firebasestorage.googleapis.com/v0/b/snipply-sdk-prod-test/o/FrgDvrLSN1kXy31AiIur%2Forganizations%2F141ab3a12d44492b6b8df4843768f45a%2Fdocs%2F8231974692723306%2Fcomment%2FKkWn15lhoGZMO0AtLMvE%2F404448_lLjrbDaOxVqJdBlMgS9t.png?alt=media&token=1bc961f5-eee8-44e5-b7e4-39a9bdc4992c
562,142d917a-20b1-4bed-88ec-6bbe13fefaab,2026-07-01T03:30:52.418557+00:00,Not marked verified,resolved,medium,,Budget,/876/budget,http://localhost:3001/876/budget,Budget - Project - Exol Morrisville,Should be able to export as PDF as well.,Should be able to export as PDF as well.,open,Feedback: resolved; Budget audit excluded,Excluded - budget audit,Handle in separate budget audit queue.,,Excluded from the current non-budget audit pass,,https://github.com/MeganHarrison/alleato-pm/issues/562,https://projects.alleatogroup.com/876/budget?scommentId=HLhOudnXEOEgzPYS8sH7,
561,0564b495-0439-432c-8d38-d042070197bd,2026-07-01T03:30:51.701233+00:00,Not marked verified,resolved,high,,Budget,/876/budget,http://localhost:3001/876/budget,Alleato AI - Project Management,Why are all these pencils and trash cans showing when the budget is locked and you can't change anything?,Why are all these pencils and trash cans showing when the budget is locked and you can't change anything?,open,Feedback: resolved; Budget audit excluded,Excluded - budget audit,Handle in separate budget audit queue.,,Excluded from the current non-budget audit pass,,https://github.com/MeganHarrison/alleato-pm/issues/561,https://projects.alleatogroup.com/876/budget?scommentId=gtWLdw2dCHban9JvmXbT,
560,553d38bb-9d8c-4b5b-b89d-f198a5c562a4,2026-07-01T03:30:50.964253+00:00,Not marked verified,resolved,medium,,Budget,/876/budget,http://localhost:3001/876/budget,Alleato AI - Project Management,"The division shouldn't have focasting, refrence the screen shot.","The division shouldn't have focasting, refrence the screen shot.",open,Feedback: resolved; Budget audit excluded,Excluded - budget audit,Handle in separate budget audit queue.,,Excluded from the current non-budget audit pass,,https://github.com/MeganHarrison/alleato-pm/issues/560,https://projects.alleatogroup.com/876/budget?scommentId=sRNDb8pBYY5QrUSAD6v4,https://firebasestorage.googleapis.com/v0/b/snipply-sdk-prod-test/o/FrgDvrLSN1kXy31AiIur%2Forganizations%2F141ab3a12d44492b6b8df4843768f45a%2Fdocs%2F4714152224680155%2Fcomment%2FsRNDb8pBYY5QrUSAD6v4%2F918836_XRAt5depbKyub3PpaF7D.png?alt=media&token=b2e6a910-876b-4133-9bf0-4d8b11336f91
559,29d8d004-79ca-4874-a954-451ed5618d2e,2026-07-01T03:30:50.185755+00:00,Not marked verified,resolved,medium,,Budget,/876/budget,http://localhost:3001/876/budget,Budget - Project - Exol Morrisville,budget modifications aren't showing up.,budget modifications aren't showing up.,open,Feedback: resolved; Budget audit excluded,Excluded - budget audit,Handle in separate budget audit queue.,,Excluded from the current non-budget audit pass,,https://github.com/MeganHarrison/alleato-pm/issues/559,https://projects.alleatogroup.com/876/budget?scommentId=7X236rN6O2NyxB6qRGNX,
558,842a7be8-db1f-4bf7-94c7-3dc7a6eb8caf,2026-07-01T03:30:49.456869+00:00,Not marked verified,resolved,high,,Budget,/876/budget,http://localhost:3001/876/budget,Budget - Project - Exol Morrisville,"it wont let me edit forcast to complete, please refrence Procore budget.","it wont let me edit forcast to complete, please refrence Procore budget.",open,Feedback: resolved; Budget audit excluded,Excluded - budget audit,Handle in separate budget audit queue.,,Excluded from the current non-budget audit pass,,https://github.com/MeganHarrison/alleato-pm/issues/558,https://projects.alleatogroup.com/876/budget?scommentId=loCcMIjYanl6bcm5Lowt,
557,07890e7a-306b-4bb3-9e19-01c3e5f23b1e,2026-07-01T03:30:48.744407+00:00,Not marked verified,resolved,medium,,Change Events,/876/change-events/new,http://localhost:3001/876/change-events/new,Alleato AI - Project Management,"I should not be able to add a company here. Also when I selected R.J Skeldon, then I tried to unslect them and it wouldn't let me.","I should not be able to add a company here. Also when I selected R.J Skeldon, then I tried to unslect them and it wouldn't let me.",open,Feedback: resolved; Audit: not fixed,Not fixed,Move to fix loop or reopen; verify exact named route after repair.,/Users/meganharrison/Documents/alleato-pm/docs/ops/evidence/2026-07-03-feedback-inbox-non-budget-72h-audit/change-events/change-events-new-vendor-pointer-clear.png,Change Events vendor workflow proof,/Users/meganharrison/Documents/alleato-pm/docs/ops/tasks/2026-07-03-feedback-inbox-non-budget-72h-audit.md,https://github.com/MeganHarrison/alleato-pm/issues/557,https://projects.alleatogroup.com/876/change-events/new?scommentId=wJPwUZLCsUznN3TyUHYa,https://firebasestorage.googleapis.com/v0/b/snipply-sdk-prod-test/o/FrgDvrLSN1kXy31AiIur%2Forganizations%2F141ab3a12d44492b6b8df4843768f45a%2Fdocs%2F358493686604196%2Fcomment%2FwJPwUZLCsUznN3TyUHYa%2F695198_D1bUGHAdnQ87faV5lXZa.png?alt=media&token=2c434179-a9de-4ef2-b78c-0ccd3d03ee88
556,6ac401a7-c2df-4391-bfbb-44f9356495b9,2026-07-01T03:30:48.005755+00:00,Not marked verified,resolved,high,,Change Events,/876/change-events/927f077e-3883-441c-b275-58b55a4f9db9,http://localhost:3001/876/change-events/927f077e-3883-441c-b275-58b55a4f9db9,001 - Added Opening - Project - Exol Morrisville,export function failed.,export function failed.,open,Feedback: resolved; Audit: lower-confidence closed / follow-up pending route proof,Needs verification,"Run focused browser verification on the named route and classify as verified fixed, not fixed, or deferred.",/Users/meganharrison/Documents/alleato-pm/docs/ops/evidence/2026-07-03-feedback-inbox-non-budget-72h-audit/change-events/change-events-detail-current-loaded.png,Change Events detail-route proof,/Users/meganharrison/Documents/alleato-pm/docs/ops/tasks/2026-07-03-feedback-inbox-non-budget-72h-audit.md,https://github.com/MeganHarrison/alleato-pm/issues/556,https://projects.alleatogroup.com/876/change-events/927f077e-3883-441c-b275-58b55a4f9db9?scommentId=aozkIj82bWj4Rgsv5ynZ,https://firebasestorage.googleapis.com/v0/b/snipply-sdk-prod-test/o/FrgDvrLSN1kXy31AiIur%2Forganizations%2F141ab3a12d44492b6b8df4843768f45a%2Fdocs%2F2210658593981595%2Fcomment%2FaozkIj82bWj4Rgsv5ynZ%2F921450_vCstcP0NE4zorTesTHaV.png?alt=media&token=3dacd0f9-05e7-4479-9f20-458f39af8c6f
554,23f32b4b-17aa-4b03-9cb6-8e4d098ec725,2026-07-01T03:30:46.311093+00:00,Not marked verified,resolved,medium,,Change Events,/876/change-events/927f077e-3883-441c-b275-58b55a4f9db9,http://localhost:3001/876/change-events/927f077e-3883-441c-b275-58b55a4f9db9,001 - Added Opening - Project - Exol Morrisville,"Columns aren't lining up, look at qty and unit cost, the values below are not under it.","Columns aren't lining up, look at qty and unit cost, the values below are not under it.",open,Feedback: resolved; Audit: not fixed,Not fixed,Move to fix loop or reopen; verify exact named route after repair.,/Users/meganharrison/Documents/alleato-pm/docs/ops/evidence/2026-07-03-feedback-inbox-non-budget-72h-audit/change-events/change-events-detail-current-loaded.png,Change Events detail-route proof,/Users/meganharrison/Documents/alleato-pm/docs/ops/tasks/2026-07-03-feedback-inbox-non-budget-72h-audit.md,https://github.com/MeganHarrison/alleato-pm/issues/554,https://projects.alleatogroup.com/876/change-events/927f077e-3883-441c-b275-58b55a4f9db9?scommentId=eCpddj6XaVDdsf6dTI5j,
552,195edb0e-7096-4d10-9d3a-a05a6e9e1154,2026-07-01T03:30:42.074597+00:00,Not marked verified,resolved,high,,Change Events,/876/change-events,http://localhost:3001/876/change-events,Alleato OS,"this amount is wrong, this commitment is 28k, not sure where it is pulling from.","this amount is wrong, this commitment is 28k, not sure where it is pulling from.",open,Feedback: resolved; Audit: lower-confidence closed / not yet fully verified,Needs verification,"Run focused browser verification on the named route and classify as verified fixed, not fixed, or deferred.",/Users/meganharrison/Documents/alleato-pm/docs/ops/evidence/2026-07-03-feedback-inbox-non-budget-72h-audit/change-events/change-events-list-current.png,No fresh route-level task evidence recorded yet,,https://github.com/MeganHarrison/alleato-pm/issues/552,https://projects.alleatogroup.com/876/change-events?scommentId=7jKXugrPa4pgwJzKxCwK,
551,7a93948f-0e50-4a73-b086-5f80e2f2d88a,2026-07-01T03:30:41.233046+00:00,Not marked verified,resolved,high,,Change Events,/876/change-events,http://localhost:3001/876/change-events,Alleato OS,What is all this? Doesn't make any sense.,What is all this? Doesn't make any sense.,open,Feedback: resolved; Audit: lower-confidence closed / not yet fully verified,Needs verification,"Run focused browser verification on the named route and classify as verified fixed, not fixed, or deferred.",/Users/meganharrison/Documents/alleato-pm/docs/ops/evidence/2026-07-03-feedback-inbox-non-budget-72h-audit/change-events/change-events-list-current.png,No fresh route-level task evidence recorded yet,,https://github.com/MeganHarrison/alleato-pm/issues/551,https://projects.alleatogroup.com/876/change-events?scommentId=RTVGF9pwhuTuQ88KrWcx,
549,28eff314-295b-415b-873c-f4cf44d62eef,2026-07-01T03:29:22.512612+00:00,Not marked verified,resolved,medium,,Change Events,/876/change-events,http://localhost:3001/876/change-events,Alleato OS,no bar to scroll right to left.,no bar to scroll right to left.,open,Feedback: resolved; Batch 1: partial / blocked; current local rerun still needed,Needs verification,"Run one focused route proof for the missing behavior, not a full retest.",/Users/meganharrison/Documents/alleato-pm/docs/ops/evidence/2026-07-04-brandon-verify/batch-1/issue-549/screenshots/issue-549-blocked-chrome-error.png,Batch 1 report,/Users/meganharrison/Documents/alleato-pm/docs/ops/evidence/2026-07-04-brandon-verify/batch-1/issue-549/report.md,https://github.com/MeganHarrison/alleato-pm/issues/549,https://projects.alleatogroup.com/876/change-events?scommentId=R9t6VPMnnWVMV2yGKD0M,https://firebasestorage.googleapis.com/v0/b/snipply-sdk-prod-test/o/FrgDvrLSN1kXy31AiIur%2Forganizations%2F141ab3a12d44492b6b8df4843768f45a%2Fdocs%2F5289976256185480%2Fcomment%2FR9t6VPMnnWVMV2yGKD0M%2F183589_F56DNXX8iztmZGvdABOR.png?alt=media&token=d7389922-e1a7-42e0-ba66-2da6275caff9
544,59c37d18-ca43-46d0-9668-0ae18f167436,2026-07-01T02:42:14.136039+00:00,Not marked verified,resolved,medium,,RFIs,/876/rfis/fe13bf4e-dbb6-494a-bb50-b8fc821b694e,http://localhost:3001/876/rfis/fe13bf4e-dbb6-494a-bb50-b8fc821b694e,Alleato AI - Project Management,There should b a section I can drag and drop a attachement.,There should b a section I can drag and drop a attachement.,open,Feedback: resolved; Batch 1: unproven; attachment row did not persist in DB readback,Needs verification,"Run focused browser verification on the named route and classify as verified fixed, not fixed, or deferred.",/Users/meganharrison/Documents/alleato-pm/docs/ops/evidence/2026-07-04-brandon-verify/batch-1/issue-544/screenshots/issue-544-after-drop.png,Batch 1 report,/Users/meganharrison/Documents/alleato-pm/docs/ops/evidence/2026-07-04-brandon-verify/batch-1/issue-544/report.md,https://github.com/MeganHarrison/alleato-pm/issues/544,,
550,09a8dc23-05d6-452c-821c-1e9ee2875ff7,2026-07-01T03:30:40.121119+00:00,Not marked verified,deferred,medium,,Change Events,/876/change-events,http://localhost:3001/876/change-events,Alleato OS,"should be a settings function here I can make changes, refer to procore.","should be a settings function here I can make changes, refer to procore.",open,Feedback: deferred; Audit: deferred; Batch 1: deferred,Deferred,Keep deferred; capture product decision and do not spend verification time unless priority changes.,/Users/meganharrison/Documents/alleato-pm/docs/ops/evidence/2026-07-03-feedback-inbox-non-budget-72h-audit/change-events/issue-550-original.png,Batch 1 report,/Users/meganharrison/Documents/alleato-pm/docs/ops/evidence/2026-07-04-brandon-verify/batch-1/issue-550/report.md,https://github.com/MeganHarrison/alleato-pm/issues/550,https://projects.alleatogroup.com/876/change-events?scommentId=1qHwrYy1OClU95ha2xHi,https://firebasestorage.googleapis.com/v0/b/snipply-sdk-prod-test/o/FrgDvrLSN1kXy31AiIur%2Forganizations%2F141ab3a12d44492b6b8df4843768f45a%2Fdocs%2F5289976256185480%2Fcomment%2F1qHwrYy1OClU95ha2xHi%2F759275_FHEtqrS47gWWtmd93xLH.png?alt=media&token=4dd6ff20-eeb0-4bd6-8f54-99f9898e35e1
576,9a05709f-037f-491c-a763-793cf7f62f3b,2026-07-01T03:31:03.342693+00:00,Not marked verified,resolved,medium,,Drawings,/876/drawings,http://localhost:3001/876/drawings,Alleato AI - Project Management,"When I open a drawing I should be able to zoom in and out by using the roller thing on the mouse. Take a look at how procore does there drawing function, shoul...","When I open a drawing I should be able to zoom in and out by using the roller thing on the mouse. Take a look at how procore does there drawing function, should match that.",open,Feedback: resolved; Audit: verified fixed; GitHub: CLOSED/COMPLETED,Verified fixed,No route work needed; mark/keep verified after spot check only if confidence is needed.,/Users/meganharrison/Documents/alleato-pm/docs/ops/evidence/2026-07-03-feedback-inbox-non-budget-72h-audit/drawings/drawings-viewer-working-current.png,Drawings viewer proof,/Users/meganharrison/Documents/alleato-pm/docs/ops/tasks/2026-07-03-feedback-inbox-non-budget-72h-audit.md,https://github.com/MeganHarrison/alleato-pm/issues/576,https://projects.alleatogroup.com/876/drawings?scommentId=aPzIAcEIGaqrPb9mmcmK,
573,4684d472-3f6f-427e-9700-a4bd0b2d933c,2026-07-01T03:31:01.103532+00:00,Not marked verified,resolved,medium,,Drawings,/876/drawings,http://localhost:3001/876/drawings,Alleato AI - Project Management,"the export should have a PDF and CSV option, it should also be formated correctly. See screen shot for refrence.","the export should have a PDF and CSV option, it should also be formated correctly. See screen shot for refrence.",open,Feedback: resolved; Audit: verified fixed,Verified fixed,No route work needed; mark/keep verified after spot check only if confidence is needed.,/Users/meganharrison/Documents/alleato-pm/docs/ops/evidence/2026-07-03-feedback-inbox-non-budget-72h-audit/drawings/drawings-export-menu-current.png,Drawings export proof,/Users/meganharrison/Documents/alleato-pm/docs/ops/tasks/2026-07-03-feedback-inbox-non-budget-72h-audit.md,https://github.com/MeganHarrison/alleato-pm/issues/573,https://projects.alleatogroup.com/876/drawings?scommentId=1a0DUtk1euScGVnz5MuC,https://firebasestorage.googleapis.com/v0/b/snipply-sdk-prod-test/o/FrgDvrLSN1kXy31AiIur%2Forganizations%2F141ab3a12d44492b6b8df4843768f45a%2Fdocs%2F4775136321983355%2Fcomment%2F1a0DUtk1euScGVnz5MuC%2F374477_aKTD2u50A5XqQHROFQgh.png?alt=media&token=529de535-c896-4126-aea0-bae5f075aa83
571,3547f4a8-f83e-4ead-96e7-e551d8602ced,2026-07-01T03:30:59.519541+00:00,Not marked verified,resolved,medium,,Progress Reports,/876/progress-reports/e3e0d19c-4739-44f0-bee9-91ddebeaca0b,http://localhost:3001/876/progress-reports/e3e0d19c-4739-44f0-bee9-91ddebeaca0b,Exol Morrisville Weekly Progress Report - Project - Exol Morrisville,"Generate PDF isn't working, it should have something coming out formated correctly. Also there should be an ability for someon to manually edit this report as...","Generate PDF isn't working, it should have something coming out formated correctly. Also there should be an ability for someon to manually edit this report as needed, it should also show the current sustancial completion date.",open,Feedback: resolved; Audit: verified fixed; GitHub: CLOSED/COMPLETED,Verified fixed,No route work needed; mark/keep verified after spot check only if confidence is needed.,/Users/meganharrison/Documents/alleato-pm/docs/ops/evidence/2026-07-03-feedback-inbox-non-budget-72h-audit/progress-reports/progress-report-page-current.png,Progress report proof,/Users/meganharrison/Documents/alleato-pm/docs/ops/tasks/2026-07-03-feedback-inbox-non-budget-72h-audit.md,https://github.com/MeganHarrison/alleato-pm/issues/571,https://projects.alleatogroup.com/876/progress-reports/e3e0d19c-4739-44f0-bee9-91ddebeaca0b?scommentId=5oOasLbDcxKcbg1zw3TC,
566,c3a39ca1-0d06-41f4-bc4b-ae57dbd1b18f,2026-07-01T03:30:55.349923+00:00,Not marked verified,resolved,medium,,Submittals,/876/submittals/e2b8898d-d3f8-4e63-b16a-61fa9f1e12c4,http://localhost:3001/876/submittals/e2b8898d-d3f8-4e63-b16a-61fa9f1e12c4,Alleato AI - Project Management,"I should be able to export this to PDF so I can send it out. It should have these options as well, cover sheet is important. All should have alleato branding.","I should be able to export this to PDF so I can send it out. It should have these options as well, cover sheet is important. All should have alleato branding.",open,Feedback: resolved; Audit: verified fixed,Verified fixed,No route work needed; mark/keep verified after spot check only if confidence is needed.,/Users/meganharrison/Documents/alleato-pm/docs/ops/evidence/2026-07-03-feedback-inbox-non-budget-72h-audit/submittals/submittal-detail-current.png,Submittal detail-route proof,/Users/meganharrison/Documents/alleato-pm/docs/ops/tasks/2026-07-03-feedback-inbox-non-budget-72h-audit.md,https://github.com/MeganHarrison/alleato-pm/issues/566,https://projects.alleatogroup.com/876/submittals/e2b8898d-d3f8-4e63-b16a-61fa9f1e12c4?scommentId=XBkjOA4mBR5tEU2iggGr,https://firebasestorage.googleapis.com/v0/b/snipply-sdk-prod-test/o/FrgDvrLSN1kXy31AiIur%2Forganizations%2F141ab3a12d44492b6b8df4843768f45a%2Fdocs%2F1202715454734776%2Fcomment%2FXBkjOA4mBR5tEU2iggGr%2F257449_JTHl0xbPRUESkBnZLMhK.png?alt=media&token=b2eb8ce3-9117-48e0-9301-84dda5647c59
565,a6f0cbc2-a8d4-4643-9cc5-c4f1d575f583,2026-07-01T03:30:54.642586+00:00,Not marked verified,resolved,medium,,Submittals,/876/submittals,http://localhost:3001/876/submittals,Submittals - Project - Exol Morrisville,"Export should be a button I click and then I can pick PDF or CSV, both should be formatted correctly and the PDF should have all the alleato branding.","Export should be a button I click and then I can pick PDF or CSV, both should be formatted correctly and the PDF should have all the alleato branding.",open,Feedback: resolved; Audit: verified fixed,Verified fixed,No route work needed; mark/keep verified after spot check only if confidence is needed.,/Users/meganharrison/Documents/alleato-pm/docs/ops/evidence/2026-07-03-feedback-inbox-non-budget-72h-audit/submittals/submittals-page-current.png,Submittals export proof,/Users/meganharrison/Documents/alleato-pm/docs/ops/tasks/2026-07-03-feedback-inbox-non-budget-72h-audit.md,https://github.com/MeganHarrison/alleato-pm/issues/565,https://projects.alleatogroup.com/876/submittals?scommentId=3legbMXWYGZyctpBZiHP,
564,02d2ddfc-40b0-4e97-9653-6b891c41bc83,2026-07-01T03:30:53.912993+00:00,Not marked verified,resolved,medium,,Submittals,/876/submittals,http://localhost:3001/876/submittals,Alleato AI - Project Management,there should be a gear cog here that I can click and it takes me to submittal settings. See how procore shows there's.,there should be a gear cog here that I can click and it takes me to submittal settings. See how procore shows there's.,open,Feedback: resolved; Audit: verified fixed,Verified fixed,No route work needed; mark/keep verified after spot check only if confidence is needed.,/Users/meganharrison/Documents/alleato-pm/docs/ops/evidence/2026-07-03-feedback-inbox-non-budget-72h-audit/submittals/submittal-settings-tab-current.png,Submittals list/settings proof,/Users/meganharrison/Documents/alleato-pm/docs/ops/tasks/2026-07-03-feedback-inbox-non-budget-72h-audit.md,https://github.com/MeganHarrison/alleato-pm/issues/564,https://projects.alleatogroup.com/876/submittals?scommentId=tqqCeaoXQSmWV47QBn93,https://firebasestorage.googleapis.com/v0/b/snipply-sdk-prod-test/o/FrgDvrLSN1kXy31AiIur%2Forganizations%2F141ab3a12d44492b6b8df4843768f45a%2Fdocs%2F7537647140757416%2Fcomment%2FtqqCeaoXQSmWV47QBn93%2F557932_zb2lxhDloq6BX2oYZiq0.png?alt=media&token=682015db-c12a-431e-b1f0-e4de99dc96b5
555,2edfbc48-5062-4fed-ac25-ee79e3782209,2026-07-01T03:30:47.179143+00:00,Not marked verified,resolved,medium,,Change Events,/876/change-events/927f077e-3883-441c-b275-58b55a4f9db9,http://localhost:3001/876/change-events/927f077e-3883-441c-b275-58b55a4f9db9,001 - Added Opening - Project - Exol Morrisville,Financial markup's are showing up.,Financial markup's are showing up.,open,Feedback: resolved; Audit: verified fixed,Verified fixed,No route work needed; mark/keep verified after spot check only if confidence is needed.,/Users/meganharrison/Documents/alleato-pm/docs/ops/evidence/2026-07-03-feedback-inbox-non-budget-72h-audit/change-events/change-events-detail-current-loaded.png,Change Events route proof,/Users/meganharrison/Documents/alleato-pm/docs/ops/tasks/2026-07-03-feedback-inbox-non-budget-72h-audit.md,https://github.com/MeganHarrison/alleato-pm/issues/555,https://projects.alleatogroup.com/876/change-events/927f077e-3883-441c-b275-58b55a4f9db9?scommentId=U6fxfbb77xRR2TrgzHRX,
553,14b7a65a-a9d6-4ead-bb0a-9897873afe64,2026-07-01T03:30:44.864959+00:00,Not marked verified,resolved,medium,,Change Events,/876/change-events,http://localhost:3001/876/change-events,Alleato OS,Mark up is showing on the cost side and not the revenue side.,Mark up is showing on the cost side and not the revenue side.,open,Feedback: resolved; Audit: verified fixed,Verified fixed,No route work needed; mark/keep verified after spot check only if confidence is needed.,/Users/meganharrison/Documents/alleato-pm/docs/ops/evidence/2026-07-03-feedback-inbox-non-budget-72h-audit/change-events/change-events-list-expanded-loaded.png,Change Events route proof,/Users/meganharrison/Documents/alleato-pm/docs/ops/tasks/2026-07-03-feedback-inbox-non-budget-72h-audit.md,https://github.com/MeganHarrison/alleato-pm/issues/553,https://projects.alleatogroup.com/876/change-events?scommentId=0rrt7ZfW4uKWqiDuqjY9,
541,a69289ed-1283-457f-94b7-863418b651b0,2026-07-01T02:12:08.265131+00:00,Not marked verified,resolved,medium,,Drawings,/876/drawings,http://localhost:3001/876/drawings,Alleato AI - Project Management,I should be able to edit the drawing names and add them to the correct disciplane even after they are uploaded.,I should be able to edit the drawing names and add them to the correct disciplane even after they are uploaded.,open,Feedback: resolved; Audit: verified fixed; GitHub: CLOSED/COMPLETED,Verified fixed,No route work needed; mark/keep verified after spot check only if confidence is needed.,/Users/meganharrison/Documents/alleato-pm/docs/ops/evidence/2026-07-03-feedback-inbox-non-budget-72h-audit/drawings/drawing-card-menu-current.png,Drawings edit action proof,/Users/meganharrison/Documents/alleato-pm/docs/ops/tasks/2026-07-03-feedback-inbox-non-budget-72h-audit.md,https://github.com/MeganHarrison/alleato-pm/issues/541,,
539,3299d6f1-5164-43f3-a92e-88d0d49dfc05,2026-07-01T02:08:55.665614+00:00,Not marked verified,resolved,medium,,Directory,/876/directory,http://localhost:3001/876/directory,Alleato AI - Project Management,I should be able to sort these and roll it up by company.,I should be able to sort these and roll it up by company.,open,Feedback: resolved; Audit: verified fixed; Batch 1: PASS; GitHub: CLOSED/COMPLETED,Verified fixed,No route work needed; mark/keep verified after spot check only if confidence is needed.,/Users/meganharrison/Documents/alleato-pm/docs/ops/evidence/2026-07-04-brandon-verify/batch-1/issue-539/screenshots/group-by-clicked.png,Batch 1 report,/Users/meganharrison/Documents/alleato-pm/docs/ops/evidence/2026-07-04-brandon-verify/batch-1/issue-539/report.md,https://github.com/MeganHarrison/alleato-pm/issues/539,,
595,2487c06e-caed-425e-9862-93e5f9c8c6ec,2026-07-01T03:51:08.974304+00:00,Marked verified,closed,medium,,Subcontractor Invoicing,/876/invoicing/subcontractor/new,http://localhost:3001/876/invoicing/subcontractor/new,Alleato OS,you should be able to put in a % and it populate.,you should be able to put in a % and it populate.,open,Feedback: closed; Audit: unproven; GitHub: CLOSED/COMPLETED,Needs verification,"Run focused browser verification on the named route and classify as verified fixed, not fixed, or deferred.",/Users/meganharrison/Documents/alleato-pm/docs/ops/evidence/2026-07-03-feedback-inbox-non-budget-72h-audit/invoicing-subcontractor/invoicing-subcontractor-new-current.png,Invoice route evidence,/Users/meganharrison/Documents/alleato-pm/docs/ops/tasks/2026-07-03-feedback-inbox-non-budget-72h-audit.md,https://github.com/MeganHarrison/alleato-pm/issues/595,https://projects.alleatogroup.com/876/invoicing/subcontractor/new?commitmentType=purchase_order&commitmentId=a0d9d40d-37c5-4739-872e-e5412cbc785b&scommentId=TQseq0FP4IUz9bMgCMU3,
593,e829e8c3-3b73-47ac-802f-b0a749c4a95a,2026-07-01T03:51:07.426817+00:00,Marked verified,closed,medium,,Commitments,/876/commitments/a0d9d40d-37c5-4739-872e-e5412cbc785b,http://localhost:3001/876/commitments/a0d9d40d-37c5-4739-872e-e5412cbc785b,000125 — 000125 - Project - Exol Morrisville,"status is approved, I shouldn't be able to come in here and edit items, I would need to put it in draft status and then edit.","status is approved, I shouldn't be able to come in here and edit items, I would need to put it in draft status and then edit.",open,Feedback: closed; Audit: not fixed; GitHub: OPEN/REOPENED,Not fixed,Move to fix loop or reopen; verify exact named route after repair.,/Users/meganharrison/Documents/alleato-pm/docs/ops/evidence/2026-07-03-feedback-inbox-non-budget-72h-audit/commitments/commitment-detail-playwright-current.png,Current audit notes,/Users/meganharrison/Documents/alleato-pm/docs/ops/tasks/2026-07-03-feedback-inbox-non-budget-72h-audit.md,https://github.com/MeganHarrison/alleato-pm/issues/593,https://projects.alleatogroup.com/876/commitments/a0d9d40d-37c5-4739-872e-e5412cbc785b?scommentId=0yOmbzX9NvwcgbWIvq03,
581,c0d1ec07-b60c-4b16-aca9-2ec2d73a3385,2026-07-01T03:31:08.182148+00:00,Marked verified,closed,low,,Meetings,/meetings/01KVTCKJXEWVBTFFVAK956WS9B,http://localhost:3001/meetings/01KVTCKJXEWVBTFFVAK956WS9B,Alleato AI - Project Management,"what is this view file, this is just a bunch of text. not needed.","what is this view file, this is just a bunch of text. not needed.",open,Feedback: closed; Audit: not yet verified in current pass; GitHub: CLOSED/COMPLETED,Needs verification,"Run focused browser verification on the named route and classify as verified fixed, not fixed, or deferred.",/Users/meganharrison/Documents/alleato-pm/docs/ops/evidence/2026-07-03-feedback-inbox-non-budget-72h-audit/meetings/meetings-page-current.png,No fresh route-level task evidence recorded yet,,https://github.com/MeganHarrison/alleato-pm/issues/581,https://projects.alleatogroup.com/meetings/01KVTCKJXEWVBTFFVAK956WS9B?scommentId=HaeW4uWMDxbvdxyh8ht1,
592,6c828f66-9fc1-4920-8418-eed2dfecbf7d,2026-07-01T03:51:06.463633+00:00,Marked verified,closed,medium,,Commitments,/876/commitments,http://localhost:3001/876/commitments,Alleato AI - Project Management,"delete subcontracts, they are the same as commitments.","delete subcontracts, they are the same as commitments.",open,Feedback: closed; Audit: verified fixed; GitHub: CLOSED/COMPLETED,Verified fixed,No route work needed; mark/keep verified after spot check only if confidence is needed.,/Users/meganharrison/Documents/alleato-pm/docs/ops/evidence/2026-07-03-feedback-inbox-non-budget-72h-audit/commitments/commitments-page-current.png,Commitments list route proof,/Users/meganharrison/Documents/alleato-pm/docs/ops/tasks/2026-07-03-feedback-inbox-non-budget-72h-audit.md,https://github.com/MeganHarrison/alleato-pm/issues/592,https://projects.alleatogroup.com/876/commitments?scommentId=7WjyELRwZZClAMSjZcL4,
