documentId,annotationId,annotationNumber,status,authorName,replyCount,lastUpdatedIso,preview
/876/invoicing/subcontractor/8094,jcSlW9f2agdVdU1fBESQ,1,Open,Brandon Clymer,0,2026-07-07T13:59:53.967Z,{{1854b4b0-3e8e-4d69-86df-32cdb3c80ee0}} where is this invocie coming from? I don't see a commitment that it is tied to.
/876/invoices,2xJds94DkNTUXNLCCf3J,5,Open,Brandon Clymer,0,2026-07-07T13:55:40.052Z,"You shouldn't be able to have multiple billing periods open at one time, also where did these bililng periods even come from. There should also always be a due date in a biling period. {{1854b4b0-3e8e-4d69-86df-32cdb3c80ee0}}"
/,YWr5qLC32hiadN2MRrRo,1,Open,Test1 Account,1,2026-07-07T13:36:32.550Z,Codex QA comment for annotation verification
/876/rfis/new,HwqyOnAhhxOpWoCc9UoH,3,Open,Megan Harrison,0,2026-07-06T19:13:41.386Z,RFI manager and assigness should only show people who have been added to the project directory.
/876/drawings/viewer/297af29a-f327-464c-91d2-2ea9d335a99b,mzeIXJIbUXkCvPm6HV7u,1,Open,Megan Harrison,0,2026-07-06T17:30:21.922Z,testing
/876/change-events/927f077e-3883-441c-b275-58b55a4f9db9,U6fxfbb77xRR2TrgzHRX,2,Resolved,Brandon Clymer,0,2026-07-04T13:51:34.265Z,{{1854b4b0-3e8e-4d69-86df-32cdb3c80ee0}} Financial markup's are showing up.
/876/change-events/927f077e-3883-441c-b275-58b55a4f9db9,eCpddj6XaVDdsf6dTI5j,3,Resolved,Brandon Clymer,0,2026-07-04T13:50:43.209Z,"Columns aren't lining up, look at qty and unit cost, the values below are not under it. {{1854b4b0-3e8e-4d69-86df-32cdb3c80ee0}}"
/876/budget,HLhOudnXEOEgzPYS8sH7,1,Resolved,Brandon Clymer,0,2026-07-04T03:09:19.357Z,{{1854b4b0-3e8e-4d69-86df-32cdb3c80ee0}} Should be able to export as PDF as well.
/876/budget,5ArAw9wJFEUfOFo4hVfl,9,Resolved,Brandon Clymer,0,2026-07-04T03:05:31.075Z,{{8e0a5ed8-750b-49f1-9aa6-bbc01f634074}} when I click this committed costs nothing shows up.
/876/change-orders/commitment/aa35f3c3-5ec0-4568-b126-f8671b4791cc,iACw885errh4cBfTis79,3,Resolved,Brandon Clymer,0,2026-07-04T02:57:47.588Z,"{{1854b4b0-3e8e-4d69-86df-32cdb3c80ee0}} This isn't even right if we were doing mark up, the calculations aren't there."
/876/change-orders/commitment/aa35f3c3-5ec0-4568-b126-f8671b4791cc,VI5i1AYibilbjFB1GUgS,6,Resolved,Brandon Clymer,1,2026-07-04T02:23:03.342Z,"{{1854b4b0-3e8e-4d69-86df-32cdb3c80ee0}} where is this populating from? CO CCO, Change Order Commitment Change Order?"
/876/change-orders/commitment/aa35f3c3-5ec0-4568-b126-f8671b4791cc,YSUXb7ciZeVdw4OnN9su,5,Open,Brandon Clymer,1,2026-07-04T02:14:42.405Z,"{{1854b4b0-3e8e-4d69-86df-32cdb3c80ee0}} date is wrong, I approved it today, June 30th, 2026, requested can't come after created."
/meetings/01KVTCKJXEWVBTFFVAK956WS9B,zGRdb0EQJiiqZX73lOuk,2,Resolved,Brandon Clymer,0,2026-07-02T21:40:14.064Z,@Megan Harrison you have tasks and action items. What is the difference?
/meetings/01KVTCKJXEWVBTFFVAK956WS9B,HaeW4uWMDxbvdxyh8ht1,1,Resolved,Brandon Clymer,0,2026-07-02T21:31:29.836Z,"{{1854b4b0-3e8e-4d69-86df-32cdb3c80ee0}} what is this view file, this is just a bunch of text. not needed."
/876/commitments,7WjyELRwZZClAMSjZcL4,1,Resolved,Brandon Clymer,1,2026-07-02T21:29:42.675Z,"{{8e0a5ed8-750b-49f1-9aa6-bbc01f634074}} delete subcontracts, they are the same as commitments."
/876/change-orders/commitment/aa35f3c3-5ec0-4568-b126-f8671b4791cc,j6HqRSKobFDhjexI8XDo,1,Resolved,Brandon Clymer,1,2026-07-02T21:10:33.317Z,{{1854b4b0-3e8e-4d69-86df-32cdb3c80ee0}} commitment change order shouldn't have the mark up on there that we are putting from the prime contract.
/876/change-orders/commitment/aa35f3c3-5ec0-4568-b126-f8671b4791cc,w33evEzq5iaCVM5ub0AH,4,Resolved,Brandon Clymer,1,2026-07-02T21:08:59.108Z,I shouldn't be able to go in and add a line item to a CO that is in the approved status. {{1854b4b0-3e8e-4d69-86df-32cdb3c80ee0}}
/876/budget,3J6DQ553W2DCRh1qDrk2,10,Open,Brandon Clymer,0,2026-07-01T04:52:47.326Z,{{1854b4b0-3e8e-4d69-86df-32cdb3c80ee0}} The actual title of the cost code should appear. {{1854b4b0-3e8e-4d69-86df-32cdb3c80ee0}} Get your mother fucking nutrition bull shit email off my fucking software.
/876/budget,pE1dpiYQKJ8wj7gWP7oG,8,Open,Brandon Clymer,0,2026-07-01T04:45:17.311Z,"{{8e0a5ed8-750b-49f1-9aa6-bbc01f634074}} Amount is wrong. Also when you click on the acttual number 700 to pull up the CO, nothing comes up. So the tables don't actually have a linked relationship."
/876/prime-contracts/6d90f64a-d9e2-4cb7-9aee-389dda0c9f4f,KkglsL6FcLcY2EZ698YK,6,Open,Brandon Clymer,0,2026-07-01T04:39:21.640Z,Page should look like this from procore. {{1854b4b0-3e8e-4d69-86df-32cdb3c80ee0}} BDRH7bsaj7BTl6BL6Agd.png
/876/prime-contracts/6d90f64a-d9e2-4cb7-9aee-389dda0c9f4f,BemQJ6Z92RLfNIJyU06R,5,Open,Brandon Clymer,0,2026-07-01T04:37:49.416Z,"{{1854b4b0-3e8e-4d69-86df-32cdb3c80ee0}} I should be able to create a PCCO and then when I go into that page I can add different PCO's. So you may have one PCCO that will have PCO 2 PCO 7 PCO 8 or whatever, or you may just have one PCO."
/876/prime-contracts/6d90f64a-d9e2-4cb7-9aee-389dda0c9f4f,7dROBiqu5jCrIPxiPv7J,4,Open,Brandon Clymer,0,2026-07-01T04:36:37.323Z,{{1854b4b0-3e8e-4d69-86df-32cdb3c80ee0}} I pressed the promote PCO button and nothing happened.
/876/change-events,RTVGF9pwhuTuQ88KrWcx,3,Open,Brandon Clymer,1,2026-07-01T04:34:03.853Z,{{1854b4b0-3e8e-4d69-86df-32cdb3c80ee0}} What is all this? Doesn't make any sense.
/876/prime-contracts/6d90f64a-d9e2-4cb7-9aee-389dda0c9f4f/change-orders/pcos/04e484af-457e-4e39-ad59-8515da5e3dde,moYOT1sbVjHZMxZWoV2c,2,Open,Brandon Clymer,0,2026-07-01T04:33:50.119Z,"{{1854b4b0-3e8e-4d69-86df-32cdb3c80ee0}} It won't let me change the status, there should be a edit button up there I can click then I can change the status and other information."
/876/prime-contracts/6d90f64a-d9e2-4cb7-9aee-389dda0c9f4f,Bp4DtKb01j2veWdfrKu5,3,Open,Brandon Clymer,0,2026-07-01T04:32:55.779Z,{{1854b4b0-3e8e-4d69-86df-32cdb3c80ee0}} this should just say PCO
/876/prime-contracts/6d90f64a-d9e2-4cb7-9aee-389dda0c9f4f/change-orders/pcos/04e484af-457e-4e39-ad59-8515da5e3dde,814rJXXme9xPSEcFgZUr,1,Open,Brandon Clymer,0,2026-07-01T04:31:45.038Z,{{1854b4b0-3e8e-4d69-86df-32cdb3c80ee0}} I should be able to export this as a PDF. Kty0umqekgDaZhPHggwI.png
/876/budget,q51Vrmnvd38gUwEpuYwu,7,Open,Brandon Clymer,0,2026-07-01T04:29:01.335Z,{{1854b4b0-3e8e-4d69-86df-32cdb3c80ee0}} approved CO's not showing up.
/876/budget,LLPyppG9K1ZeJDPDoJqE,6,Open,Brandon Clymer,0,2026-07-01T04:26:53.977Z,{{1854b4b0-3e8e-4d69-86df-32cdb3c80ee0}} title not showing.
/876/prime-contracts/6d90f64a-d9e2-4cb7-9aee-389dda0c9f4f,z3yRIdAmfy9kFkHFRsQO,2,Open,Brandon Clymer,0,2026-07-01T04:25:59.553Z,{{1854b4b0-3e8e-4d69-86df-32cdb3c80ee0}} I should not be able to edit this when the prime is approved and has invoices alreayd in it processed.
/876/prime-contracts/6d90f64a-d9e2-4cb7-9aee-389dda0c9f4f,d6WukFFgmKhoGO3yXWsc,1,Open,Brandon Clymer,0,2026-07-01T04:24:16.124Z,{{1854b4b0-3e8e-4d69-86df-32cdb3c80ee0}} this is showing zero invoices and zero payments made.
/876/prime-contracts,WTj8sA74W9KGBlNrBGT4,1,Open,Brandon Clymer,0,2026-07-01T04:23:07.823Z,"{{1854b4b0-3e8e-4d69-86df-32cdb3c80ee0}} this says invoiced to date is zero, which isn't correct. Along with paymets recieved."
/876/invoicing/212,zlyynwXGmOq5WwOH2gRh,1,Open,Brandon Clymer,0,2026-07-01T04:21:44.773Z,"{{1854b4b0-3e8e-4d69-86df-32cdb3c80ee0}} why is this showing submitted, and it wont let me change the status to approved."
/876/invoicing/218,mPfcWQmWABZoYqGAu1u9,1,Open,Brandon Clymer,0,2026-07-01T04:20:07.500Z,"{{1854b4b0-3e8e-4d69-86df-32cdb3c80ee0}} This balance to finish isn't right. The contract was for 200k, how is this saying it is billed in full?"
/876/invoices,1xjWAFEtFkPE3lmgaiNf,4,Open,Brandon Clymer,0,2026-07-01T04:12:33.339Z,"{{1854b4b0-3e8e-4d69-86df-32cdb3c80ee0}} a billing period has to have a due date, it can't be left blank like below."
/876/invoices,5IZivi82yPT17an8M5xv,3,Open,Brandon Clymer,0,2026-07-01T04:12:06.601Z,{{1854b4b0-3e8e-4d69-86df-32cdb3c80ee0}} it wont let me click and open this.
/876/invoices,SPF0wblvu312hXL7Nr7A,2,Open,Brandon Clymer,0,2026-07-01T04:11:10.428Z,"{{1854b4b0-3e8e-4d69-86df-32cdb3c80ee0}} you should not be able to have multiple billing periods open at once, when new one is opened the prvious one must be closed."
/876/invoices,CUor64ioaJ7JIO8tugR7,1,Open,Brandon Clymer,0,2026-07-01T04:09:15.175Z,{{1854b4b0-3e8e-4d69-86df-32cdb3c80ee0}} I should be able to click here and change the status.
/876/invoicing/subcontractor/8093,GE4j1cpKDZON5NrYzn9A,2,Open,Brandon Clymer,0,2026-07-01T04:06:59.901Z,{{1854b4b0-3e8e-4d69-86df-32cdb3c80ee0}} it wont let me change the status.
/876/invoicing/subcontractor/8093,VlezkIHaCbT55otDqQPI,1,Open,Brandon Clymer,0,2026-07-01T04:02:53.711Z,"{{1854b4b0-3e8e-4d69-86df-32cdb3c80ee0}} What is this, where is this pulling from?"
/876/commitments/61632e46-5154-4e7e-8a21-df4945c1ea38,PMsnFoOlp44LT577pi73,3,Open,Brandon Clymer,0,2026-07-01T04:00:41.402Z,{{1854b4b0-3e8e-4d69-86df-32cdb3c80ee0}} change history not working.
/876/commitments/61632e46-5154-4e7e-8a21-df4945c1ea38,ec74AFyYCbhxf8Ipozk6,2,Open,Brandon Clymer,0,2026-07-01T04:00:13.487Z,"{{1854b4b0-3e8e-4d69-86df-32cdb3c80ee0}} it wont let me change the status back to draft status and then edit the Subcontractor SOV, it should only lock after the first invoice has been submitted/processed."
/876/commitments/61632e46-5154-4e7e-8a21-df4945c1ea38,ugdPOST7uz6RAt7HFSK1,1,Open,Brandon Clymer,0,2026-07-01T03:56:05.520Z,{{1854b4b0-3e8e-4d69-86df-32cdb3c80ee0}} export doens't work. TBxARl1b6KE40SCXLnup.png
/876/commitments/a0d9d40d-37c5-4739-872e-e5412cbc785b,MvRXPW7jStm5huK7JKd2,5,Open,Brandon Clymer,0,2026-07-01T03:52:04.811Z,{{1854b4b0-3e8e-4d69-86df-32cdb3c80ee0}} should not be able to submit a invoice without submitting subcontractor schedule of values.
/876/commitments,Z4LyQv4yIH7amdAAjO0X,2,Open,Brandon Clymer,0,2026-07-01T03:50:52.983Z,"{{1854b4b0-3e8e-4d69-86df-32cdb3c80ee0}} these should either be a PO or a SC, right now I can't tell if these are subcontracts or POs."
/876/commitments/a0d9d40d-37c5-4739-872e-e5412cbc785b,mbzaRp3vbgos2btf5mRU,4,Open,Brandon Clymer,0,2026-07-01T03:49:29.154Z,Commitment page should look like this screen shot. {{1854b4b0-3e8e-4d69-86df-32cdb3c80ee0}} 5eaOWLNaSuDvJyRfCyzr.png
/876/invoicing/subcontractor/8092,p2StcVU4PG1f8wBYIwkJ,1,Open,Brandon Clymer,0,2026-07-01T03:47:53.107Z,"{{8e0a5ed8-750b-49f1-9aa6-bbc01f634074}} when I exported the invoice it isn't showing correctly, it should match the export shown in Procore/Job Planner. Invoice page should look like procore screen shot. 24-102-Wesleyan_Office-2-Invoice_2-2026-07-01.pdf Exported PDF should look like the attachment."
/876/invoicing/subcontractor/new,TQseq0FP4IUz9bMgCMU3,1,Open,Brandon Clymer,0,2026-07-01T03:43:09.294Z,{{8e0a5ed8-750b-49f1-9aa6-bbc01f634074}} you should be able to put in a % and it populate.
/876/commitments/a0d9d40d-37c5-4739-872e-e5412cbc785b,CPDPG31INKeEnf9BPXAx,3,Open,Brandon Clymer,0,2026-07-01T03:41:33.638Z,{{1854b4b0-3e8e-4d69-86df-32cdb3c80ee0}} make sure subs can't create change events. rPpk19x6RwjxothWvwuz.png
/876/commitments/a0d9d40d-37c5-4739-872e-e5412cbc785b,pHmhXljguxflY8U5z6IO,2,Open,Brandon Clymer,0,2026-07-01T03:39:51.398Z,Why does this say create retainage invoice? {{1854b4b0-3e8e-4d69-86df-32cdb3c80ee0}}
/876/commitments/a0d9d40d-37c5-4739-872e-e5412cbc785b,0yOmbzX9NvwcgbWIvq03,1,Open,Brandon Clymer,0,2026-07-01T03:38:27.247Z,"{{8e0a5ed8-750b-49f1-9aa6-bbc01f634074}} status is approved, I shouldn't be able to come in here and edit items, I would need to put it in draft status and then edit."
/876/change-orders/commitment/aa35f3c3-5ec0-4568-b126-f8671b4791cc,mi3N7qoNnYiAxVjPlOwG,2,Open,Brandon Clymer,0,2026-07-01T03:34:02.032Z,{{1854b4b0-3e8e-4d69-86df-32cdb3c80ee0}} I should be able to export this to PDF so I can send it to the sub for signature. I should also be able to email it to them from this screen as well.
/876/commitments/370ccdd2-4f9e-404a-84ec-21c4f2403658,gxCwrX82Ms38iZtEz3U6,1,Open,Brandon Clymer,0,2026-07-01T03:31:04.024Z,{{8e0a5ed8-750b-49f1-9aa6-bbc01f634074}} PDF export doesn't work. 0NYPXmxSC91iOZt6PF09.png
/876/change-events,R9t6VPMnnWVMV2yGKD0M,5,Open,Brandon Clymer,0,2026-07-01T03:26:38.920Z,{{1854b4b0-3e8e-4d69-86df-32cdb3c80ee0}} no bar to scroll right to left. F56DNXX8iztmZGvdABOR.png
/876/change-events,1qHwrYy1OClU95ha2xHi,4,Open,Brandon Clymer,0,2026-07-01T03:25:24.467Z,"{{1854b4b0-3e8e-4d69-86df-32cdb3c80ee0}} should be a settings function here I can make changes, refer to procore. FHEtqrS47gWWtmd93xLH.png"
/876/change-events,7jKXugrPa4pgwJzKxCwK,2,Open,Brandon Clymer,0,2026-07-01T03:22:25.702Z,"{{1854b4b0-3e8e-4d69-86df-32cdb3c80ee0}} this amount is wrong, this commitment is 28k, not sure where it is pulling from."
/876/change-events,0rrt7ZfW4uKWqiDuqjY9,1,Open,Brandon Clymer,0,2026-07-01T03:20:09.905Z,Mark up is showing on the cost side and not the revenue side. {{1854b4b0-3e8e-4d69-86df-32cdb3c80ee0}}
/876/change-events/927f077e-3883-441c-b275-58b55a4f9db9,aozkIj82bWj4Rgsv5ynZ,1,Open,Brandon Clymer,0,2026-07-01T03:16:05.089Z,{{1854b4b0-3e8e-4d69-86df-32cdb3c80ee0}} export function failed. vCstcP0NE4zorTesTHaV.png
/876/change-events/new,wJPwUZLCsUznN3TyUHYa,1,Open,Brandon Clymer,0,2026-07-01T03:14:14.451Z,"{{1854b4b0-3e8e-4d69-86df-32cdb3c80ee0}} I should not be able to add a company here. Also when I selected R.J Skeldon, then I tried to unslect them and it wouldn't let me. D1bUGHAdnQ87faV5lXZa.png"
/876/budget,loCcMIjYanl6bcm5Lowt,5,Open,Brandon Clymer,0,2026-07-01T03:09:40.386Z,"{{1854b4b0-3e8e-4d69-86df-32cdb3c80ee0}} it wont let me edit forcast to complete, please refrence Procore budget."
/876/budget,7X236rN6O2NyxB6qRGNX,4,Open,Brandon Clymer,0,2026-07-01T03:08:27.473Z,{{1854b4b0-3e8e-4d69-86df-32cdb3c80ee0}} budget modifications aren't showing up.
/876/budget,sRNDb8pBYY5QrUSAD6v4,3,Open,Brandon Clymer,0,2026-07-01T03:07:11.398Z,"{{1854b4b0-3e8e-4d69-86df-32cdb3c80ee0}} The division shouldn't have focasting, refrence the screen shot."
/876/budget,gtWLdw2dCHban9JvmXbT,2,Open,Brandon Clymer,0,2026-07-01T03:02:24.795Z,{{1854b4b0-3e8e-4d69-86df-32cdb3c80ee0}} Why are all these pencils and trash cans showing when the budget is locked and you can't change anything?
/876/transmittals,KkWn15lhoGZMO0AtLMvE,1,Open,Brandon Clymer,0,2026-07-01T02:56:49.709Z,"This is howa transmittal page should look, please refrence procore. {{1854b4b0-3e8e-4d69-86df-32cdb3c80ee0}} lLjrbDaOxVqJdBlMgS9t.png"
/876/submittals,tqqCeaoXQSmWV47QBn93,2,Open,Brandon Clymer,0,2026-07-01T02:55:11.383Z,{{1854b4b0-3e8e-4d69-86df-32cdb3c80ee0}} there should be a gear cog here that I can click and it takes me to submittal settings. See how procore shows there's. zb2lxhDloq6BX2oYZiq0.png
/876/submittals/e2b8898d-d3f8-4e63-b16a-61fa9f1e12c4,XBkjOA4mBR5tEU2iggGr,2,Open,Brandon Clymer,0,2026-07-01T02:53:00.543Z,"{{1854b4b0-3e8e-4d69-86df-32cdb3c80ee0}} I should be able to export this to PDF so I can send it out. It should have these options as well, cover sheet is important. All should have alleato branding. JTHl0xbPRUESkBnZLMhK.png"
/876/submittals/e2b8898d-d3f8-4e63-b16a-61fa9f1e12c4,UhKHMBbr6NGfB87iQCuM,1,Open,Brandon Clymer,0,2026-07-01T02:51:21.440Z,"{{1854b4b0-3e8e-4d69-86df-32cdb3c80ee0}} you should be able to click view or edit, right now you just click into it and then it is all editable, that invites mistakes. Also in the workflow section the first person in the workflow should be the submitter, the approver should be greyed out unless there is a step before them."
/876/submittals,3legbMXWYGZyctpBZiHP,1,Open,Brandon Clymer,0,2026-07-01T02:48:12.143Z,"Export should be a button I click and then I can pick PDF or CSV, both should be formatted correctly and the PDF should have all the alleato branding. {{1854b4b0-3e8e-4d69-86df-32cdb3c80ee0}}"
/876/rfis,mR2W61n6FjZ7E6k7Hn6L,1,Open,Brandon Clymer,0,2026-07-01T02:45:40.101Z,"{{1854b4b0-3e8e-4d69-86df-32cdb3c80ee0}} I should be able to export PDF that is formated as a RFI log, I should be able to click and export just this single RFI as well. RFI page should be able to be configured like the Procore one shown in the screen shot."
/876/rfis/new,6m0X9lBBQLWasC93o3S4,2,Open,Brandon Clymer,0,2026-07-01T02:33:17.812Z,Should only pull from people who are in the project. {{1854b4b0-3e8e-4d69-86df-32cdb3c80ee0}}
/876/rfis/new,ttO87MfQsn9bRCYbiG4S,1,Open,Brandon Clymer,1,2026-07-01T02:32:03.158Z,"RFI manager should only be from people who are in the job, not everyone."
/876/progress-reports/e3e0d19c-4739-44f0-bee9-91ddebeaca0b,5oOasLbDcxKcbg1zw3TC,1,Open,Brandon Clymer,0,2026-07-01T02:30:31.536Z,"{{1854b4b0-3e8e-4d69-86df-32cdb3c80ee0}} Generate PDF isn't working, it should have something coming out formated correctly. Also there should be an ability for someon to manually edit this report as needed, it should also show the current sustancial completion date."
/876/documents,PDSSC1LJDLkSKRHRAZyT,1,Open,Brandon Clymer,0,2026-07-01T02:27:21.812Z,"{{1854b4b0-3e8e-4d69-86df-32cdb3c80ee0}} Where are these documents coming from, who is uploading them? Is this something AI is doing?"
/876/drawings,1a0DUtk1euScGVnz5MuC,4,Open,Brandon Clymer,0,2026-07-01T02:25:47.785Z,"{{1854b4b0-3e8e-4d69-86df-32cdb3c80ee0}} the export should have a PDF and CSV option, it should also be formated correctly. See screen shot for refrence."
/876/drawings,LG62Ha62EFyDMxB3FMsA,3,Open,Brandon Clymer,0,2026-07-01T02:22:56.745Z,"{{1854b4b0-3e8e-4d69-86df-32cdb3c80ee0}} when I click QR code it pulls one up and then when I scan it with my phone it just takes me to this login page, it should take me right to that drawing I would think."
/876/drawings,LmLM6phOhzEqVl8tU3Ne,2,Open,Brandon Clymer,0,2026-07-01T02:18:59.170Z,"{{1854b4b0-3e8e-4d69-86df-32cdb3c80ee0}} I should be able to cloud something and the option to link and other function shows up, just like how procore drawing function does. See screen shot."
/876/drawings,aPzIAcEIGaqrPb9mmcmK,1,Open,Brandon Clymer,0,2026-07-01T02:16:27.972Z,"{{1854b4b0-3e8e-4d69-86df-32cdb3c80ee0}} When I open a drawing I should be able to zoom in and out by using the roller thing on the mouse. Take a look at how procore does there drawing function, should match that."
/876/directory,iJoMz4IXUXVRJzMocwU3,1,Open,Brandon Clymer,0,2026-07-01T02:01:22.633Z,"{{1854b4b0-3e8e-4d69-86df-32cdb3c80ee0}} this should be add a person, not add a contact. you should be able to click a button that says add from company directory. Refrence Procore how they have there's set up."
/876/meetings,JfQUY0T3HEps5ODvPkek,1,Open,Brandon Clymer,0,2026-07-01T01:58:17.659Z,"{{1854b4b0-3e8e-4d69-86df-32cdb3c80ee0}} when I click into a meeting it just routes me to company meetings, so its the same list of meetings. But we need them to be in the specifc job. See my other meetings comment."
/meetings,aK6DWzznWIon2QPpj4ND,1,Open,Brandon Clymer,0,2026-07-01T01:56:39.616Z,"Where is the create meeting? The entire point of this is to be able to create meetings and agendas/notes for those meetings. Like a weekly OAC meeting, you can see how Procore has there meetings thing set up. This is just copying everything from fireflies which isn't the point. {{1854b4b0-3e8e-4d69-86df-32cdb3c80ee0}}"
/tasks,41wpmVm29fiFluo8za3o,2,Open,Brandon Clymer,0,2026-07-01T01:46:56.645Z,"{{1854b4b0-3e8e-4d69-86df-32cdb3c80ee0}} Should be able to filter by job and person so if I wanted to look at what was in someone's court I could, or look at what is overdue etc."
/tasks,XMMk2Xv90rRRGs35vBhT,1,Open,Brandon Clymer,0,2026-07-01T01:42:37.209Z,{{1854b4b0-3e8e-4d69-86df-32cdb3c80ee0}} For the up arrow you should have the ability to say why it is good so you can provide context for the AI.
/754/schedule,LkkGgOQwXpF4W2DbJ4Y6,1,Open,Megan Harrison,0,2026-06-29T17:40:16.008Z,Ability to make changes in the field directly to the schedule
/60/progress-reports/a9ffa4fc-25a3-4124-82a3-32d652e0c765,OMDfwN7MEzjvfJgCtfY9,2,Open,Megan Harrison,0,2026-06-27T09:23:07.771Z,"This completely violates the design system. Move draft to below the date in the project heading. Change this to a more icon, the vertical three dots, and then have a drop down for edit, download PDF, regenerate."
/60/progress-reports/a9ffa4fc-25a3-4124-82a3-32d652e0c765,SI2dJVOeRz6dnS18Hlgf,1,Open,Megan Harrison,0,2026-06-27T09:20:40.267Z,"Title should be Alito Finance Weekly Progress Report, not just Progress Report, and then remove the heading below and make the date a little bigger."
/emails,i2zKqVMQQOB91K4AVpvK,2,Resolved,Megan Harrison,0,2026-06-27T03:55:26.167Z,"Email list rows bury the hierarchy: sender, timestamp, subject and preview all read at similar weight, so nothing anchors the scan. Make the subject the dominant line (15-16px medium), demote sender and preview to secondary gray, and use a bolder weight or unread dot for unread rows. The thin orange selection bar is good - lean into that pattern."
/emails,VXEAag2RZfnRXBTRMNeg,3,Resolved,Megan Harrison,0,2026-06-27T03:55:02.738Z,"The email header metadata is flat: From, To and Project labels sit at the same weight as their values, and the long To recipient list crowds the row. Right-align or fix label column width, lighten the labels to a muted caption, and truncate To with a +N more chip. Group the date with the subject up top rather than floating it far right."
/emails,jdS4PWB8ZfuXIckJrMob,5,Resolved,Megan Harrison,0,2026-06-27T03:44:53.383Z,"The floating AI assistant orb is visually disconnected from the product: a saturated orange gradient circle with a red notification dot, hovering with no label. It reads like a third-party chat widget rather than a native feature. Consider a labeled pill (sparkle + Ask Alleato), align it to the brand palette, and reserve the red dot for genuine unread state so it does not cry wolf."
/emails,X4L17eptZ6SLiSliH7MD,6,Resolved,Megan Harrison,0,2026-06-27T03:44:32.595Z,"The subject line and the date are split to opposite edges of a very wide band, so the eye has to travel the full width to connect them. The subject also competes with the From block right below it at similar size. Make the subject the clear page title (18-20px semibold), tuck the timestamp directly beneath or beside it, and add more padding above the From row to separate header from metadata."
/emails,AjL1WVqqlhUR0dGEGzte,1,Resolved,Megan Harrison,0,2026-06-27T03:43:32.759Z,"Header toolbar feels cramped: the Emails title sits flush against four unlabeled icons with no spacing. Add 16-24px gap between title and actions and give each icon a tooltip. Mirror Linear or Superhuman: title-left, actions-right."
/emails,1sqfiC0htFcJaxq2qbMa,7,Resolved,Megan Harrison,0,2026-06-27T03:41:41.782Z,"Raw mail-server warnings (You dont often get email from... Learn why this is important) are rendering inline as plain body text. These are provider artifacts, not message content - they make the app look like a passthrough inbox. Either strip them on ingest or render them as a styled caution banner above the body (amber strip, shield icon) so they read as a system signal, not the senders words."
/emails,WLkFwDxXkBW4jQXrLCUJ,4,Resolved,Megan Harrison,0,2026-06-27T03:40:04.528Z,"The email body is an unstyled wall of text: full-width lines run ~120 characters, the forwarded quote and signature blend into the reply, and emoji/phone artifacts sit inline with no structure. Cap the reading column at 65-75ch, add paragraph spacing, and visually demote quoted history (left border, muted color) like Gmail/Superhuman collapse trimmed content."
/emails,FOomuNLh3KU7rP0kWFk8,8,Open,Megan Harrison,0,2026-06-27T03:33:12.441Z,Increase the width of this column
/67/submittals/ee08854e-1b05-4208-be30-7f1c26edd894,iDHVlMYvh44pNyLXPJWe,1,Open,Test1 Account,0,2026-06-24T12:42:51.295Z,Inspection thread comment for styling
/876/commitments/da491fa8-e494-47ee-be7c-306191e40b70,DmgG7O4sYsSmgyxMkBlG,1,Open,Megan Harrison,0,2026-06-24T12:26:17.927Z,"1. Replace Free-Text Billing & Shipping Addresses with Structured Company-Based Selection Current Issue The Bill To and Ship To sections currently use free-text address fields. This creates unnecessary risk because users can: Mistype addresses Enter incorrect addresses Use inconsistent formatting Create duplicate address recordsRequired Changes Bill To Section Replace the free-text Bill To field with: Fields Bill To Company (dropdown) Bill To Contact (dropdown)Behavior User selects a company. System automatically populates:Address Line 1 Address Line 2 City State Zip Code Country (if applicable) User selects a contact associated with the selected company. Contact dropdown should only display contacts belonging to the selected company. Auto-populated address fields remain editable so users can override them when necessary.Ship To Section Replace the free-text Ship To field with: Fields Ship To Company (dropdown) Ship To Contact (dropdown)Behavior User selects a company. System automatically populates:Address Line 1 Address Line 2 City State Zip Code Country (if applicable) User selects a contact associated with the selected company. Contact dropdown should only display employees/contacts belonging to the selected company. Auto-populated address fields remain editable so users can override them when necessary.Acceptance Criteria No free-text billing address field exists. No free-text shipping address field exists. Addresses are automatically populated from the selected company record. Contacts are filtered by the selected company. Users can manually edit populated address values if needed. Address data uses the standard address component used elsewhere in the application.2. Standardize Budget Code Selection Across All Purchase Order Line Item Interfaces Current Issue Budget code creation and selection behavior is inconsistent across the application. Examples: New Purchase Order form allows creation of a new budget code. Purchase Order detail page line item entry does not allow creation of a new budget code. SOV tab does not allow creation of a new budget code. Edit Purchase Order page does allow creation of a new budget code.This indicates that different implementations or components are being used for the same workflow. Required Changes Perform a full audit of every interface that allows: Adding line items Editing line items Managing Schedule of Values (SOV) Creating commitments Creating purchase ordersStandardization Requirements All line-item-related interfaces must use the same reusable component and configuration. The following functionality must be identical everywhere: Budget code search Budget code selection Budget code creation Cost code selection Category selection Validation rules Default values PermissionsAcceptance Criteria Budget code creation is available everywhere line items can be added. Budget code creation behavior is identical across all pages. Budget code search behavior is identical across all pages. No page contains a custom or hand-built implementation that differs from the standard component. All line-item workflows use the same shared component.3. Schedule of Values (SOV) Editing Rules Business Rule Users should be able to add, edit, and manage Schedule of Values (SOV) line items at any time while the Purchase Order remains unapproved. Required Behavior Allow SOV modifications when Purchase Order status is: Draft Pending Under Review Returned Any other non-approved statusRestrict SOV modifications when Purchase Order status is: Approved Closed Voided (if applicable)Acceptance Criteria Users can add line items to the SOV after the Purchase Order has been created. Users can create new budget codes during SOV editing. Users can edit existing SOV line items. Users can delete SOV line items (subject to permission rules). SOV editing remains available until the Purchase Order reaches Approved status. Once Approved, SOV becomes read-only unless the Purchase Order is formally reopened or revised."
/1067/submittals/new,iES0vRBTkn3JqbvVTrvA,2,Open,Megan Harrison,0,2026-06-22T23:24:10.158Z,Dropdown contacts assigned to company
/1067/submittals/new,8Ct4gw3pa73easYlulgX,1,Open,Megan Harrison,0,2026-06-22T23:23:25.371Z,Alleato PM
/25125/drawings/viewer/d394e683-d7b3-42ae-9495-77925499adc5,aV7vd1nknIps56s9XwrG,1,Open,Megan Harrison,0,2026-06-17T01:38:44.854Z,hello {{6ae4299f-6c21-4e99-b6a1-ccb1fe5aa7f6}} Cabinet Deduct Markup.pdf
/760/home,5aQQLWir07ZEM1TB1mPO,1,Open,Test1 Account,0,2026-06-09T10:03:44.904Z,codex-prod-comment-1780999392922
feedback-inbox,oOOcBtQMxCLnIg6phVe1,1,Open,Megan Harrison,1,2026-06-08T13:45:41.065Z,{{6ae4299f-6c21-4e99-b6a1-ccb1fe5aa7f6}} review